name,status,line_count_diff,package_count_diff,csv1_line_count,csv1_package_count,csv2_line_count,csv2_package_count
Milky2018/pacman,Тќ░тбъ,1121,1,0,0,1121,1
Milky2018/selene_raylib,Тќ░тбъ,829,1,0,0,829,1
Ronlands/moonbit_zstd,Тќ░тбъ,13544,10,0,0,13544,10
CAIMEOX/symbit,ТюЅтЈўтїќ,16696,4,100877,53,117573,57
Milky2018/moon_elk,ТюЅтЈўтїќ,196,0,270240,39,270436,39
Milky2018/selene,ТюЅтЈўтїќ,264,1,6474,17,6738,18
Milky2018/selene-canvas,ТюЅтЈўтїќ,-6,0,597,1,591,1
oboard/morm,ТюЅтЈўтїќ,13653,5,3577,6,17230,11
tonyfettes/raylib,ТюЅтЈўтїќ,-301220,-307,320549,311,19329,4
0Ayachi0/elk,ТЌатЈўтїќ,0,0,3137,1,3137,1
0Ayachi0/GB18030,ТЌатЈўтїќ,0,0,2543,1,2543,1
0Ayachi0/math,ТЌатЈўтїќ,0,0,821,3,821,3
0Ayachi0/SwissTable,ТЌатЈўтїќ,0,0,1029,1,1029,1
202306123/lib_mbt,ТЌатЈўтїќ,0,0,15,1,15,1
2459822546/fwshz,ТЌатЈўтїќ,0,0,11,1,11,1
A-23187/encoding,ТЌатЈўтїќ,0,0,756,3,756,3
AdUhTkJm/assembler,ТЌатЈўтїќ,0,0,431,1,431,1
AdUhTkJm/bitviewer,ТЌатЈўтїќ,0,0,794,2,794,2
AdUhTkJm/moonc,ТЌатЈўтїќ,0,0,5829,5,5829,5
AdUhTkJm/nummoon,ТЌатЈўтїќ,0,0,1134,1,1134,1
AdUhTkJm/sat-solver,ТЌатЈўтїќ,0,0,2627,2,2627,2
AdUhTkJm/u8str,ТЌатЈўтїќ,0,0,279,1,279,1
AdUhTkJm/wasmtools,ТЌатЈўтїќ,0,0,502,1,502,1
allain/mongodb,ТЌатЈўтїќ,0,0,9540,3,9540,3
allwefantasy/readline.mbt,ТЌатЈўтїќ,0,0,2457,2,2457,2
amor2025/biginteger,ТЌатЈўтїќ,0,0,1210,2,1210,2
amor2025/convert,ТЌатЈўтїќ,0,0,1342,2,1342,2
amor2025/fraction,ТЌатЈўтїќ,0,0,629,2,629,2
amor2025/pad,ТЌатЈўтїќ,0,0,191,1,191,1
angela/srt,ТЌатЈўтїќ,0,0,236,3,236,3
angela/vcf,ТЌатЈўтїќ,0,0,343,2,343,2
applejag/firefly,ТЌатЈўтїќ,0,0,2372,4,2372,4
applejag/micromath,ТЌатЈўтїќ,0,0,655,1,655,1
ash1day/sql,ТЌатЈўтїќ,0,0,6085,4,6085,4
Asterless/MoonCoc,ТЌатЈўтїќ,0,0,1074,3,1074,3
Asterless/MoonPtime,ТЌатЈўтїќ,0,0,908,1,908,1
Asterless/MoonQOI,ТЌатЈўтїќ,0,0,782,1,782,1
AXiX-official/binaryPrimitives,ТЌатЈўтїќ,0,0,317,1,317,1
AXiX-official/xxhash,ТЌатЈўтїќ,0,0,322,1,322,1
baka-gourd/quickxorhash,ТЌатЈўтїќ,0,0,575,2,575,2
baobolong/hello,ТЌатЈўтїќ,0,0,25,2,25,2
Bemly/cstdio-ffi,ТЌатЈўтїќ,0,0,720,2,720,2
BigOrangeQWQ/Bits,ТЌатЈўтїќ,0,0,1419,2,1419,2
BigOrangeQWQ/fmt,ТЌатЈўтїќ,0,0,910,1,910,1
BigOrangeQWQ/immunt_multiset,ТЌатЈўтїќ,0,0,680,1,680,1
BigOrangeQWQ/ImmuntableMultiSet,ТЌатЈўтїќ,0,0,652,1,652,1
BigOrangeQWQ/immut_multiset,ТЌатЈўтїќ,0,0,1881,2,1881,2
BigOrangeQWQ/ryu,ТЌатЈўтїќ,0,0,5738,1,5738,1
BigOrangeQWQ/unification_table,ТЌатЈўтїќ,0,0,2250,4,2250,4
BigOrangeQWQ/uri,ТЌатЈўтїќ,0,0,2968,1,2968,1
BigOrangeQWQ/wasi-cli,ТЌатЈўтїќ,0,0,270,12,270,12
BigOrangeQWQ/wasi-clocks,ТЌатЈўтїќ,0,0,93,2,93,2
BigOrangeQWQ/wasi-filesystem,ТЌатЈўтїќ,0,0,1560,2,1560,2
BigOrangeQWQ/wasi-io,ТЌатЈўтїќ,0,0,807,3,807,3
BigOrangeQWQ/wasi-random,ТЌатЈўтїќ,0,0,111,3,111,3
BigOrangeQWQ/wasi-sockets,ТЌатЈўтїќ,0,0,2399,7,2399,7
BigOrangeQWQ/wit-ffi,ТЌатЈўтїќ,0,0,175,1,175,1
BigOrangeQWQ/wit-wasi-clocks,ТЌатЈўтїќ,0,0,117,2,117,2
BigOrangeQWQ/wit-wasi-io,ТЌатЈўтїќ,0,0,838,4,838,4
BigOrangeQWQ/wit-wasi-random,ТЌатЈўтїќ,0,0,111,3,111,3
BigThree33/find_min,ТЌатЈўтїќ,0,0,37,2,37,2
bikallem/mariadb,ТЌатЈўтїќ,0,0,942,4,942,4
bikallem/reactive,ТЌатЈўтїќ,0,0,555,1,555,1
bikallem/rsignal,ТЌатЈўтїќ,0,0,2549,3,2549,3
bikallem/webapi,ТЌатЈўтїќ,0,0,82215,11,82215,11
bnyu2/channel,ТЌатЈўтїќ,0,0,967,2,967,2
bob/aegis,ТЌатЈўтїќ,0,0,1126,2,1126,2
bob/hashbrown,ТЌатЈўтїќ,0,0,1549,3,1549,3
bob/lexer,ТЌатЈўтїќ,0,0,244,1,244,1
bob/toml,ТЌатЈўтїќ,0,0,7656,3,7656,3
bobzhang/beautiful_mermaid,ТЌатЈўтїќ,0,0,33558,41,33558,41
bobzhang/codex_workflow,ТЌатЈўтїќ,0,0,2436,4,2436,4
bobzhang/colors,ТЌатЈўтїќ,0,0,1678,2,1678,2
bobzhang/flowgraph,ТЌатЈўтїќ,0,0,1105,1,1105,1
bobzhang/fuzzyscore,ТЌатЈўтїќ,0,0,1223,2,1223,2
bobzhang/hol,ТЌатЈўтїќ,0,0,5644,6,5644,6
bobzhang/holm,ТЌатЈўтїќ,0,0,9430,12,9430,12
bobzhang/ipaddr,ТЌатЈўтїќ,0,0,379,2,379,2
bobzhang/lexer,ТЌатЈўтїќ,0,0,599,1,599,1
bobzhang/liquid,ТЌатЈўтїќ,0,0,3145,2,3145,2
bobzhang/lisp_interpreter,ТЌатЈўтїќ,0,0,887,1,887,1
bobzhang/loop_invariants,ТЌатЈўтїќ,0,0,108188,188,108188,188
bobzhang/mbtexcel,ТЌатЈўтїќ,0,0,96194,8,96194,8
bobzhang/mbtpdf,ТЌатЈўтїќ,0,0,82073,50,82073,50
bobzhang/moonjq,ТЌатЈўтїќ,0,0,10898,3,10898,3
bobzhang/qrc,ТЌатЈўтїќ,0,0,882,3,882,3
bobzhang/scheme-r6rs,ТЌатЈўтїќ,0,0,37370,6,37370,6
bobzhang/sexp,ТЌатЈўтїќ,0,0,33,1,33,1
bobzhang/tar,ТЌатЈўтїќ,0,0,538,2,538,2
bobzhang/testa,ТЌатЈўтїќ,0,0,16,2,16,2
bobzhang/testb,ТЌатЈўтїќ,0,0,24,2,24,2
bobzhang/toml,ТЌатЈўтїќ,0,0,10006,3,10006,3
bobzhang/unmarshal,ТЌатЈўтїќ,0,0,8861,3,8861,3
bobzhang/uri,ТЌатЈўтїќ,0,0,606,1,606,1
bobzhang/uuidm,ТЌатЈўтїќ,0,0,2192,1,2192,1
bobzhang/vg,ТЌатЈўтїќ,0,0,6383,6,6383,6
bobzhang/zip,ТЌатЈўтїќ,0,0,17585,16,17585,16
bobzhang/zipc,ТЌатЈўтїќ,0,0,6456,6,6456,6
buggg-hfc/hello,ТЌатЈўтїќ,0,0,83,3,83,3
bzy-debug/cowsay,ТЌатЈўтїќ,0,0,90,2,90,2
bzy-debug/cowsay_lib,ТЌатЈўтїќ,0,0,82,1,82,1
bzy-debug/hello,ТЌатЈўтїќ,0,0,24,2,24,2
bzy-debug/json_parser,ТЌатЈўтїќ,0,0,1070,1,1070,1
bzy-debug/string_zipper,ТЌатЈўтїќ,0,0,2185,1,2185,1
bzy-debug/text_document,ТЌатЈўтїќ,0,0,1213,1,1213,1
CAIMEOX/alg-pattern,ТЌатЈўтїќ,0,0,465,1,465,1
CAIMEOX/box,ТЌатЈўтїќ,0,0,807,1,807,1
CAIMEOX/color,ТЌатЈўтїќ,0,0,1086,1,1086,1
CAIMEOX/diet,ТЌатЈўтїќ,0,0,1117,1,1117,1
CAIMEOX/evmasm,ТЌатЈўтїќ,0,0,5713,1,5713,1
CAIMEOX/feat-moon,ТЌатЈўтїќ,0,0,484,1,484,1
CAIMEOX/fenwick,ТЌатЈўтїќ,0,0,641,1,641,1
CAIMEOX/functor,ТЌатЈўтїќ,0,0,203,6,203,6
CAIMEOX/graph-algebra,ТЌатЈўтїќ,0,0,488,1,488,1
CAIMEOX/lazy,ТЌатЈўтїќ,0,0,125,1,125,1
CAIMEOX/lazy-list,ТЌатЈўтїќ,0,0,597,1,597,1
CAIMEOX/list,ТЌатЈўтїќ,0,0,740,2,740,2
CAIMEOX/midi,ТЌатЈўтїќ,0,0,4090,2,4090,2
CAIMEOX/moon_egg,ТЌатЈўтїќ,0,0,4168,1,4168,1
CAIMEOX/moon_floating,ТЌатЈўтїќ,0,0,24829,8,24829,8
CAIMEOX/qc_pyext,ТЌатЈўтїќ,0,0,598,1,598,1
CAIMEOX/quickcheck,ТЌатЈўтїќ,0,0,3421,7,3421,7
CAIMEOX/reed_solomon,ТЌатЈўтїќ,0,0,864,1,864,1
CAIMEOX/state,ТЌатЈўтїќ,0,0,335,1,335,1
CAIMEOX/svg,ТЌатЈўтїќ,0,0,1497,1,1497,1
CAIMEOX/t,ТЌатЈўтїќ,0,0,215,1,215,1
CAIMEOX/vlq,ТЌатЈўтїќ,0,0,241,1,241,1
CAIMEOX/zipper,ТЌатЈўтїќ,0,0,257,1,257,1
CAIMEOX/тјЪТЮЦтЈ»С╗ЦтЈЉСИГТќЄтїЁ,ТЌатЈўтїќ,0,0,17,1,17,1
calacaly/moon_log,ТЌатЈўтїќ,0,0,792,3,792,3
caozhanhao/qrcode,ТЌатЈўтїќ,0,0,3833,2,3833,2
CGaaaaaa/MoonProgress,ТЌатЈўтїќ,0,0,2602,1,2602,1
CGaaaaaa/reactivex,ТЌатЈўтїќ,0,0,1292,1,1292,1
CGaaaaaa/signal,ТЌатЈўтїќ,0,0,1249,1,1249,1
cgx027/test_moon,ТЌатЈўтїќ,0,0,76,2,76,2
chaijie2018/bloom,ТЌатЈўтїќ,0,0,1360,2,1360,2
chaijie2018/bloom-filter,ТЌатЈўтїќ,0,0,1360,2,1360,2
chawyehsu/punycode,ТЌатЈўтїќ,0,0,378,1,378,1
chensuiyi/t1,ТЌатЈўтїќ,0,0,9,0,9,0
chhnb/algorithm,ТЌатЈўтїќ,0,0,255,4,255,4
chronostesis/check_prime,ТЌатЈўтїќ,0,0,42,2,42,2
CMoonBack/Binary-Exponentiation,ТЌатЈўтїќ,0,0,102,2,102,2
CMoonBack/computational-geometry,ТЌатЈўтїќ,0,0,3272,3,3272,3
CMoonBack/string-Algorithm,ТЌатЈўтїќ,0,0,104,3,104,3
colmugx/mcp,ТЌатЈўтїќ,0,0,3767,9,3767,9
colmugx/reader,ТЌатЈўтїќ,0,0,228,1,228,1
cou723/html-parser,ТЌатЈўтїќ,0,0,794,4,794,4
cyhforlight/moonbit-hello-card,ТЌатЈўтїќ,0,0,25,2,25,2
DawnMagnet/sparse-table,ТЌатЈўтїќ,0,0,172,2,172,2
Demonmasterlqx/box2d_ffi,ТЌатЈўтїќ,0,0,2101,2,2101,2
Demonmasterlqx/moonbit_stickman_map_loader,ТЌатЈўтїќ,0,0,952,3,952,3
Demonmasterlqx/MoonP5,ТЌатЈўтїќ,0,0,3563,4,3563,4
dijdzv/moon-release,ТЌатЈўтїќ,0,0,15479,11,15479,11
dijdzv/websys,ТЌатЈўтїќ,0,0,230037,1,230037,1
djisnj/djisnj,ТЌатЈўтїќ,0,0,16,1,16,1
dongyvxuan/dongyx,ТЌатЈўтїќ,0,0,33,2,33,2
dowdiness/event-graph-walker,ТЌатЈўтїќ,0,0,10354,7,10354,7
dowdiness/ffi_c,ТЌатЈўтїќ,0,0,1632,2,1632,2
dowdiness/incr,ТЌатЈўтїќ,0,0,5757,5,5757,5
dowdiness/js_engine,ТЌатЈўтїќ,0,0,27583,8,27583,8
dowdiness/margs,ТЌатЈўтїќ,0,0,4638,2,4638,2
eczn/eczn-utils,ТЌатЈўтїќ,0,0,50,1,50,1
edragain2nd/biblatex,ТЌатЈўтїќ,0,0,10315,3,10315,3
edragain2nd/compose,ТЌатЈўтїќ,0,0,1233,1,1233,1
edragain2nd/unscanny,ТЌатЈўтїќ,0,0,916,1,916,1
elzup/peeler,ТЌатЈўтїќ,0,0,1096,1,1096,1
emadurandal/examine,ТЌатЈўтїќ,0,0,119,2,119,2
emptist/ibmoonc,ТЌатЈўтїќ,0,0,4970,2,4970,2
emptist/ibmoonjs,ТЌатЈўтїќ,0,0,4865,1,4865,1
emptist/ibmoonwa,ТЌатЈўтїќ,0,0,5019,2,5019,2
enanandesu/icc,ТЌатЈўтїќ,0,0,823,1,823,1
enanandesu/special-mathematical-functions,ТЌатЈўтїќ,0,0,502,1,502,1
enjoecn/easy,ТЌатЈўтїќ,0,0,93,3,93,3
enjoecn/gb,ТЌатЈўтїќ,0,0,390,2,390,2
Erolaffy/easy-io,ТЌатЈўтїќ,0,0,26,2,26,2
Erolaffy/easyio,ТЌатЈўтїќ,0,0,211,1,211,1
Eunoiay/Eunoiay,ТЌатЈўтїќ,0,0,13,1,13,1
extism/moonbit-pdk,ТЌатЈўтїќ,0,0,1165,12,1165,12
f4ah6o/aletheia,ТЌатЈўтїќ,0,0,19440,30,19440,30
f4ah6o/direct_sdk,ТЌатЈўтїќ,0,0,14915,22,14915,22
f4ah6o/duckdb,ТЌатЈўтїќ,0,0,17953,2,17953,2
f4ah6o/encoding_sjis,ТЌатЈўтїќ,0,0,7469,2,7469,2
f4ah6o/encoding_sjis_mbt,ТЌатЈўтїќ,0,0,7469,2,7469,2
f4ah6o/htmx,ТЌатЈўтїќ,0,0,5970,4,5970,4
f4ah6o/http11,ТЌатЈўтїќ,0,0,14915,4,14915,4
f4ah6o/jww_parser,ТЌатЈўтїќ,0,0,2485,3,2485,3
f4ah6o/mhx,ТЌатЈўтїќ,0,0,3923,7,3923,7
f4ah6o/mhx-spec,ТЌатЈўтїќ,0,0,2288,6,2288,6
f4ah6o/moonchat,ТЌатЈўтїќ,0,0,1764,5,1764,5
f4ah6o/simple-webauthn,ТЌатЈўтїќ,0,0,5885,7,5885,7
f4ah6o/sse,ТЌатЈўтїќ,0,0,895,3,895,3
f4ah6o/tmpx,ТЌатЈўтїќ,0,0,1879,2,1879,2
f4ah6o/uuidm,ТЌатЈўтїќ,0,0,3810,1,3810,1
fangyinc/net,ТЌатЈўтїќ,0,0,1900,7,1900,7
fangyinc/socket,ТЌатЈўтїќ,0,0,1640,4,1640,4
fantix/mmhttp,ТЌатЈўтїќ,0,0,11704,3,11704,3
fantix/muts,ТЌатЈўтїќ,0,0,1957,6,1957,6
felix-schultz/flow-like-wasm-sdk,ТЌатЈўтїќ,0,0,1659,1,1659,1
fgeygfe/dom_api,ТЌатЈўтїќ,0,0,354,1,354,1
firefly/firefly,ТЌатЈўтїќ,0,0,4683,12,4683,12
five-nuts/coreutils,ТЌатЈўтїќ,0,0,274,4,274,4
FlyCloudC/autodiff,ТЌатЈўтїќ,0,0,367,2,367,2
FlyCloudC/GJK,ТЌатЈўтїќ,0,0,281,1,281,1
FlyCloudC/mgraph,ТЌатЈўтїќ,0,0,283,1,283,1
FlyCloudC/miniKanren,ТЌатЈўтїќ,0,0,536,1,536,1
FlyCloudC/scheme,ТЌатЈўтїќ,0,0,1777,3,1777,3
Frank-III/onebit-tui,ТЌатЈўтїќ,0,0,8004,7,8004,7
Frank-III/onebit-yoga,ТЌатЈўтїќ,0,0,2491,4,2491,4
FreeFoots/mooncake_hello,ТЌатЈўтїќ,0,0,28,2,28,2
FrenchPicnic/threejs,ТЌатЈўтїќ,0,0,3211,3,3211,3
FrenchPicnic/which,ТЌатЈўтїќ,0,0,297,1,297,1
FrozenLemonTee/LunarTUI,ТЌатЈўтїќ,0,0,3792,6,3792,6
furesoft/moos-sdk,ТЌатЈўтїќ,0,0,958,2,958,2
fuwasegu/moonbitap,ТЌатЈўтїќ,0,0,333,1,333,1
GMH233/moonpassword,ТЌатЈўтїќ,0,0,113,2,113,2
gmlewis/b2,ТЌатЈўтїќ,0,0,568,1,568,1
gmlewis/base64,ТЌатЈўтїќ,0,0,937,2,937,2
gmlewis/crc32,ТЌатЈўтїќ,0,0,207,1,207,1
gmlewis/flate,ТЌатЈўтїќ,0,0,4351,3,4351,3
gmlewis/fonts,ТЌатЈўтїќ,0,0,14124,19,14124,19
gmlewis/fonts-a,ТЌатЈўтїќ,0,0,292358,61,292358,61
gmlewis/fonts-b,ТЌатЈўтїќ,0,0,45648,12,45648,12
gmlewis/fonts-c,ТЌатЈўтїќ,0,0,172588,32,172588,32
gmlewis/fonts-d,ТЌатЈўтїќ,0,0,46288,12,46288,12
gmlewis/fonts-e,ТЌатЈўтїќ,0,0,242238,19,242238,19
gmlewis/fonts-f,ТЌатЈўтїќ,0,0,792619,52,792619,52
gmlewis/fonts-g,ТЌатЈўтїќ,0,0,31668,15,31668,15
gmlewis/fonts-h,ТЌатЈўтїќ,0,0,14588,8,14588,8
gmlewis/fonts-i,ТЌатЈўтїќ,0,0,16848,10,16848,10
gmlewis/fonts-j,ТЌатЈўтїќ,0,0,82768,19,82768,19
gmlewis/fonts-k,ТЌатЈўтїќ,0,0,38348,11,38348,11
gmlewis/fonts-l,ТЌатЈўтїќ,0,0,145418,39,145418,39
gmlewis/fonts-m,ТЌатЈўтїќ,0,0,279308,39,279308,39
gmlewis/fonts-n,ТЌатЈўтїќ,0,0,554768,21,554768,21
gmlewis/fonts-o,ТЌатЈўтїќ,0,0,483308,62,483308,62
gmlewis/fonts-p,ТЌатЈўтїќ,0,0,426178,42,426178,42
gmlewis/fonts-q,ТЌатЈўтїќ,0,0,2428,1,2428,1
gmlewis/fonts-r,ТЌатЈўтїќ,0,0,156548,30,156548,30
gmlewis/fonts-s,ТЌатЈўтїќ,0,0,194368,57,194368,57
gmlewis/fonts-t,ТЌатЈўтїќ,0,0,78118,30,78118,30
gmlewis/fonts-u,ТЌатЈўтїќ,0,0,97288,9,97288,9
gmlewis/fonts-v,ТЌатЈўтїќ,0,0,18548,11,18548,11
gmlewis/fonts-w,ТЌатЈўтїќ,0,0,12578,7,12578,7
gmlewis/fonts-y,ТЌатЈўтїќ,0,0,20708,6,20708,6
gmlewis/fonts-z,ТЌатЈўтїќ,0,0,22338,4,22338,4
gmlewis/gzip,ТЌатЈўтїќ,0,0,1443,1,1443,1
gmlewis/hash,ТЌатЈўтїќ,0,0,796,3,796,3
gmlewis/image,ТЌатЈўтїќ,0,0,9733,5,9733,5
gmlewis/io,ТЌатЈўтїќ,0,0,3535,1,3535,1
gmlewis/json,ТЌатЈўтїќ,0,0,249,1,249,1
gmlewis/jsonrpc2,ТЌатЈўтїќ,0,0,1363,1,1363,1
gmlewis/jsonutil,ТЌатЈўтїќ,0,0,310,1,310,1
gmlewis/md5,ТЌатЈўтїќ,0,0,422,1,422,1
gmlewis/modus,ТЌатЈўтїќ,0,0,17723,74,17723,74
gmlewis/moonbit-pdk,ТЌатЈўтїќ,0,0,1065,12,1065,12
gmlewis/sha1,ТЌатЈўтїќ,0,0,422,1,422,1
gmlewis/sha256,ТЌатЈўтїќ,0,0,512,1,512,1
gmlewis/spin-moonbit-sdk,ТЌатЈўтїќ,0,0,13005,46,13005,46
gmlewis/step,ТЌатЈўтїќ,0,0,26008,52,26008,52
gmlewis/zlib,ТЌатЈўтїќ,0,0,703,1,703,1
GreyIcesea/isprime,ТЌатЈўтїќ,0,0,41,1,41,1
Guest0x0/dregex,ТЌатЈўтїќ,0,0,420,1,420,1
Guest0x0/HAMT,ТЌатЈўтїќ,0,0,273,1,273,1
hachi/hello,ТЌатЈўтїќ,0,0,25,2,25,2
hachi/sort,ТЌатЈўтїќ,0,0,20,1,20,1
hackwaly/common,ТЌатЈўтїќ,0,0,1320,12,1320,12
hackwaly/easing,ТЌатЈўтїќ,0,0,999,2,999,2
hackwaly/fastcc,ТЌатЈўтїќ,0,0,77867,67,77867,67
hackwaly/find_cluster_break,ТЌатЈўтїќ,0,0,629,2,629,2
hackwaly/moonyacc,ТЌатЈўтїќ,0,0,12650,17,12650,17
hackwaly/msgpack,ТЌатЈўтїќ,0,0,1143,2,1143,2
hackwaly/pem,ТЌатЈўтїќ,0,0,1306,1,1306,1
hackwaly/regex,ТЌатЈўтїќ,0,0,4857,9,4857,9
hanbings/fluorescence,ТЌатЈўтїќ,0,0,181,4,181,4
hanstechnow/ctf_tools,ТЌатЈўтїќ,0,0,93,3,93,3
hbh112233abc/examine,ТЌатЈўтїќ,0,0,76,2,76,2
HCHogan/btree,ТЌатЈўтїќ,0,0,1129,1,1129,1
HeChTo/rope,ТЌатЈўтїќ,0,0,127,1,127,1
hevienz/moonbit_libbpf,ТЌатЈўтїќ,0,0,544,2,544,2
himeno/reactive,ТЌатЈўтїќ,0,0,569,1,569,1
horideicom/encoding_sjis,ТЌатЈўтїќ,0,0,7475,2,7475,2
horideicom/jww_parser,ТЌатЈўтїќ,0,0,2497,3,2497,3
Howardzhangdqs/md5,ТЌатЈўтїќ,0,0,287,2,287,2
hustcer/nanoid,ТЌатЈўтїќ,0,0,1512,2,1512,2
hzqdf/aoko,ТЌатЈўтїќ,0,0,20,0,20,0
hzqdf/sum-calc,ТЌатЈўтїќ,0,0,19,1,19,1
iceBear67/bytebuf,ТЌатЈўтїќ,0,0,1163,1,1163,1
iceBear67/classfile,ТЌатЈўтїќ,0,0,4699,4,4699,4
iceBear67/mnbt,ТЌатЈўтїќ,0,0,1979,3,1979,3
iceBear67/time,ТЌатЈўтїќ,0,0,3634,2,3634,2
illusory0x0/­ЪљФ,ТЌатЈўтїќ,0,0,25,2,25,2
illusory0x0/adapton,ТЌатЈўтїќ,0,0,471,1,471,1
illusory0x0/base,ТЌатЈўтїќ,0,0,11,1,11,1
illusory0x0/case_conv,ТЌатЈўтїќ,0,0,948,1,948,1
illusory0x0/clang,ТЌатЈўтїќ,0,0,2412,3,2412,3
illusory0x0/clone,ТЌатЈўтїќ,0,0,453,1,453,1
illusory0x0/coerce,ТЌатЈўтїќ,0,0,11,1,11,1
illusory0x0/color,ТЌатЈўтїќ,0,0,459,1,459,1
illusory0x0/conv,ТЌатЈўтїќ,0,0,11,1,11,1
illusory0x0/fmt,ТЌатЈўтїќ,0,0,2892,3,2892,3
illusory0x0/fun,ТЌатЈўтїќ,0,0,7,1,7,1
illusory0x0/fuzzy_match,ТЌатЈўтїќ,0,0,571,1,571,1
illusory0x0/graphviz,ТЌатЈўтїќ,0,0,155,1,155,1
illusory0x0/immut_deque,ТЌатЈўтїќ,0,0,1083,1,1083,1
illusory0x0/inspect,ТЌатЈўтїќ,0,0,636,1,636,1
illusory0x0/intrinsic,ТЌатЈўтїќ,0,0,110,2,110,2
illusory0x0/jcore,ТЌатЈўтїќ,0,0,2366,1,2366,1
illusory0x0/lazy,ТЌатЈўтїќ,0,0,682,1,682,1
illusory0x0/lexer,ТЌатЈўтїќ,0,0,7087,4,7087,4
illusory0x0/memory,ТЌатЈўтїќ,0,0,1161,1,1161,1
illusory0x0/moonbit-wasm-nodejs-ts-template,ТЌатЈўтїќ,0,0,19,1,19,1
illusory0x0/moonbit-wasm-vite-ts-template,ТЌатЈўтїќ,0,0,19,1,19,1
illusory0x0/native,ТЌатЈўтїќ,0,0,695,1,695,1
illusory0x0/parserc,ТЌатЈўтїќ,0,0,613,1,613,1
illusory0x0/path,ТЌатЈўтїќ,0,0,1568,1,1568,1
illusory0x0/posix,ТЌатЈўтїќ,0,0,3718,50,3718,50
illusory0x0/prettyprinter,ТЌатЈўтїќ,0,0,421,1,421,1
illusory0x0/printer,ТЌатЈўтїќ,0,0,2609,1,2609,1
illusory0x0/qpainter,ТЌатЈўтїќ,0,0,1921,2,1921,2
illusory0x0/quote,ТЌатЈўтїќ,0,0,1195,1,1195,1
illusory0x0/rijndael,ТЌатЈўтїќ,0,0,2057,2,2057,2
illusory0x0/ryu,ТЌатЈўтїќ,0,0,2133,1,2133,1
illusory0x0/simple_parserc,ТЌатЈўтїќ,0,0,966,1,966,1
illusory0x0/string_of_bytes,ТЌатЈўтїќ,0,0,806,1,806,1
ivgtr/moonzip,ТЌатЈўтїќ,0,0,12712,13,12712,13
jankin_li/Learn_Test1,ТЌатЈўтїќ,0,0,25,2,25,2
jankin_li/new_lib,ТЌатЈўтїќ,0,0,25,2,25,2
jaredzhou/x,ТЌатЈўтїќ,0,0,2700,2,2700,2
jedisct1/aegis,ТЌатЈўтїќ,0,0,1131,2,1131,2
jinser/json,ТЌатЈўтїќ,0,0,551,2,551,2
JPLovever/fkshz,ТЌатЈўтїќ,0,0,19,1,19,1
jtenner/sfo,ТЌатЈўтїќ,0,0,13087,1,13087,1
Jtian-t/Deque,ТЌатЈўтїќ,0,0,268,1,268,1
jumpping/baby,ТЌатЈўтїќ,0,0,4270,6,4270,6
justjavac/btoi,ТЌатЈўтїќ,0,0,895,1,895,1
justjavac/bytesize,ТЌатЈўтїќ,0,0,658,1,658,1
justjavac/cache_padded,ТЌатЈўтїќ,0,0,1440,1,1440,1
justjavac/case,ТЌатЈўтїќ,0,0,1373,1,1373,1
justjavac/core_affinity,ТЌатЈўтїќ,0,0,389,2,389,2
justjavac/ffi,ТЌатЈўтїќ,0,0,443,1,443,1
justjavac/glob,ТЌатЈўтїќ,0,0,523,1,523,1
justjavac/itoa,ТЌатЈўтїќ,0,0,658,1,658,1
justjavac/num_cpus,ТЌатЈўтїќ,0,0,242,2,242,2
justjavac/webview,ТЌатЈўтїќ,0,0,1261,17,1261,17
justjavac/win32_messagebox,ТЌатЈўтїќ,0,0,216,1,216,1
justjoheinz/complex,ТЌатЈўтїќ,0,0,164,1,164,1
justjoheinz/iso-country,ТЌатЈўтїќ,0,0,3412,1,3412,1
Kaida-Amethyst/either,ТЌатЈўтїќ,0,0,1168,1,1168,1
Kaida-Amethyst/godot,ТЌатЈўтїќ,0,0,6040,1,6040,1
Kaida-Amethyst/llvm,ТЌатЈўтїќ,0,0,37464,4,37464,4
Kaida-Amethyst/math,ТЌатЈўтїќ,0,0,15064,1,15064,1
Kaida-Amethyst/matplotlib,ТЌатЈўтїќ,0,0,1237,1,1237,1
Kaida-Amethyst/mbtcc,ТЌатЈўтїќ,0,0,26861,8,26861,8
Kaida-Amethyst/mbtsmith,ТЌатЈўтїќ,0,0,3244,2,3244,2
Kaida-Amethyst/moonbit-math,ТЌатЈўтїќ,0,0,12657,2,12657,2
Kaida-Amethyst/MoonLLVM,ТЌатЈўтїќ,0,0,38352,8,38352,8
Kaida-Amethyst/MoonMIR,ТЌатЈўтїќ,0,0,15451,3,15451,3
Kaida-Amethyst/openblas,ТЌатЈўтїќ,0,0,66273,2,66273,2
Kaida-Amethyst/path,ТЌатЈўтїќ,0,0,745,1,745,1
Kaida-Amethyst/python,ТЌатЈўтїќ,0,0,6464,7,6464,7
Kaida-Amethyst/sdl3,ТЌатЈўтїќ,0,0,18709,3,18709,3
kalculos/miao,ТЌатЈўтїќ,0,0,11498,12,11498,12
KCN-judu/calculus-numerical,ТЌатЈўтїќ,0,0,20,0,20,0
KCN-judu/err_marker,ТЌатЈўтїќ,0,0,270,1,270,1
KCN-judu/lambda,ТЌатЈўтїќ,0,0,296,2,296,2
KCN-judu/linear-algebra,ТЌатЈўтїќ,0,0,11,0,11,0
KCN-judu/luna-complex,ТЌатЈўтїќ,0,0,11,0,11,0
KCN-judu/luna-utils,ТЌатЈўтїќ,0,0,11,0,11,0
KCN-judu/type_unification,ТЌатЈўтїќ,0,0,260,1,260,1
KeqingMoe/unicode_xid,ТЌатЈўтїќ,0,0,2391,2,2391,2
kesmeey/BloomierFilter,ТЌатЈўтїќ,0,0,1027,1,1027,1
kesmeey/fmt,ТЌатЈўтїќ,0,0,1046,1,1046,1
kesmeey/immut_BitVector,ТЌатЈўтїќ,0,0,1051,1,1051,1
kesmeey/immut_IntervalTree,ТЌатЈўтїќ,0,0,2217,1,2217,1
kesmeey/IndexMap,ТЌатЈўтїќ,0,0,2245,1,2245,1
kesmeey/IndexSet,ТЌатЈўтїќ,0,0,1254,1,1254,1
kesmeey/IntervalTree,ТЌатЈўтїќ,0,0,1319,1,1319,1
kesmeey/RoaringBitmap,ТЌатЈўтїќ,0,0,3265,1,3265,1
kesmeey/tools,ТЌатЈўтїќ,0,0,3100,2,3100,2
kesmeey/unicodeUtil,ТЌатЈўтїќ,0,0,2337,2,2337,2
Kilig/MATH,ТЌатЈўтїќ,0,0,39,2,39,2
KingBes/raylib,ТЌатЈўтїќ,0,0,144,1,144,1
KingBes/webui,ТЌатЈўтїќ,0,0,110,1,110,1
kinoamyfx/moon-axe-tools,ТЌатЈўтїќ,0,0,25,2,25,2
kokic/prime,ТЌатЈўтїќ,0,0,495,1,495,1
Lalenture/hello,ТЌатЈўтїќ,0,0,19,2,19,2
Lampese/biblatex,ТЌатЈўтїќ,0,0,1714,2,1714,2
Lampese/lomo,ТЌатЈўтїќ,0,0,26092,10,26092,10
Lampese/MCIL,ТЌатЈўтїќ,0,0,18534,4,18534,4
Lampese/mitest,ТЌатЈўтїќ,0,0,23,2,23,2
Lampese/moonbead,ТЌатЈўтїќ,0,0,1561,2,1561,2
Lampese/moonbit-chalk,ТЌатЈўтїќ,0,0,172,1,172,1
Lampese/mooncakes_protocol,ТЌатЈўтїќ,0,0,1654,1,1654,1
Lampese/moondata,ТЌатЈўтїќ,0,0,1165,1,1165,1
Lampese/moondata2,ТЌатЈўтїќ,0,0,335,1,335,1
ledao/nanoid,ТЌатЈўтїќ,0,0,84,2,84,2
leopeng1995/examine,ТЌатЈўтїќ,0,0,66,2,66,2
li/hello,ТЌатЈўтїќ,0,0,23,2,23,2
LI7282/base16,ТЌатЈўтїќ,0,0,82,2,82,2
lijunchen/hello,ТЌатЈўтїќ,0,0,24,2,24,2
lijunchen/hello16,ТЌатЈўтїќ,0,0,15,2,15,2
lijunchen/hello18,ТЌатЈўтїќ,0,0,19,2,19,2
lijunchen/hello19,ТЌатЈўтїќ,0,0,17,2,17,2
lijunchen/hello2,ТЌатЈўтїќ,0,0,18,1,18,1
lijunchen/hello23,ТЌатЈўтїќ,0,0,15,2,15,2
lijunchen/hello24,ТЌатЈўтїќ,0,0,14,2,14,2
lijunchen/mooncake,ТЌатЈўтїќ,0,0,16,2,16,2
lijunchen/test_esp32,ТЌатЈўтїќ,0,0,214,4,214,4
lijunchen/test_postadd,ТЌатЈўтїќ,0,0,20,1,20,1
lijunchen/test_postadd2,ТЌатЈўтїќ,0,0,25,1,25,1
lijunchen/unstable_io,ТЌатЈўтїќ,0,0,357,7,357,7
littleotherut/digit-insert,ТЌатЈўтїќ,0,0,55,2,55,2
liuly0322/lru_cache,ТЌатЈўтїќ,0,0,121,1,121,1
liuly0322/tch_mbt,ТЌатЈўтїќ,0,0,868,2,868,2
liuxinbo1984/example,ТЌатЈўтїќ,0,0,94,2,94,2
Ljw030710/find_max,ТЌатЈўтїќ,0,0,25,1,25,1
locing112/hello,ТЌатЈўтїќ,0,0,63,2,63,2
loneoutpost/core-extra,ТЌатЈўтїќ,0,0,926,3,926,3
lucifer1004/mooncake,ТЌатЈўтїќ,0,0,19,2,19,2
Luna-Flow/calculus-numerical,ТЌатЈўтїќ,0,0,2379,5,2379,5
Luna-Flow/linear-algebra,ТЌатЈўтїќ,0,0,16648,4,16648,4
Luna-Flow/luna-complex,ТЌатЈўтїќ,0,0,1047,1,1047,1
Luna-Flow/luna-generic,ТЌатЈўтїќ,0,0,147,1,147,1
Luna-Flow/luna-poly,ТЌатЈўтїќ,0,0,1636,1,1636,1
Luna-Flow/luna-utils,ТЌатЈўтїќ,0,0,458,1,458,1
Luna-Flow/quaternion,ТЌатЈўтїќ,0,0,702,1,702,1
Luna-Flow/stella,ТЌатЈўтїќ,0,0,916,1,916,1
luolingkan/find_min_num,ТЌатЈўтїќ,0,0,25,1,25,1
lyf597/hello,ТЌатЈўтїќ,0,0,25,2,25,2
lynzrand/test,ТЌатЈўтїќ,0,0,11,1,11,1
maria/csv_parser,ТЌатЈўтїќ,0,0,929,2,929,2
maria/ini_parser,ТЌатЈўтїќ,0,0,923,2,923,2
maria/json_parser,ТЌатЈўтїќ,0,0,1254,2,1254,2
maria/sensor_driver,ТЌатЈўтїќ,0,0,1376,2,1376,2
maria/toml_parser,ТЌатЈўтїќ,0,0,1018,2,1018,2
mattn/postgres,ТЌатЈўтїќ,0,0,562,1,562,1
meguruli/ds,ТЌатЈўтїќ,0,0,6475,1,6475,1
Mepy/Laurus,ТЌатЈўтїќ,0,0,15557,7,15557,7
Milky2018/gamepad,ТЌатЈўтїќ,0,0,10330,1,10330,1
Milky2018/guardch,ТЌатЈўтїќ,0,0,72,1,72,1
Milky2018/html,ТЌатЈўтїќ,0,0,89678,3,89678,3
Milky2018/mgstudio,ТЌатЈўтїќ,0,0,33591,49,33591,49
Milky2018/moon_accesskit,ТЌатЈўтїќ,0,0,19019,4,19019,4
Milky2018/moon_cosmic,ТЌатЈўтїќ,0,0,30029,2,30029,2
Milky2018/moon_cpal,ТЌатЈўтїќ,0,0,17604,18,17604,18
Milky2018/moon_dagre,ТЌатЈўтїќ,0,0,10423,1,10423,1
Milky2018/moon_rapier,ТЌатЈўтїќ,0,0,102662,12,102662,12
Milky2018/moon_rodio,ТЌатЈўтїќ,0,0,22005,56,22005,56
Milky2018/moon_skrifa,ТЌатЈўтїќ,0,0,46519,3,46519,3
Milky2018/moon_swash,ТЌатЈўтїќ,0,0,67581,8,67581,8
Milky2018/moon_taffy,ТЌатЈўтїќ,0,0,57409,2,57409,2
Milky2018/moon_yazi,ТЌатЈўтїќ,0,0,3593,1,3593,1
Milky2018/moon_zeno,ТЌатЈўтїќ,0,0,6338,1,6338,1
Milky2018/moonchor,ТЌатЈўтїќ,0,0,3803,13,3803,13
Milky2018/moonlight,ТЌатЈўтїќ,0,0,131,5,131,5
Milky2018/moonplant,ТЌатЈўтїќ,0,0,858,2,858,2
Milky2018/options,ТЌатЈўтїќ,0,0,328,1,328,1
Milky2018/pthread,ТЌатЈўтїќ,0,0,1854,1,1854,1
Milky2018/pug,ТЌатЈўтїќ,0,0,10601,2,10601,2
Milky2018/sqlparser,ТЌатЈўтїќ,0,0,14669,2,14669,2
Milky2018/toolkit,ТЌатЈўтїќ,0,0,28,1,28,1
Milky2018/wasmoon,ТЌатЈўтїќ,0,0,211030,43,211030,43
Milky2018/wgpu_mbt,ТЌатЈўтїќ,0,0,30618,7,30618,7
Milky2018/xml,ТЌатЈўтїќ,0,0,12989,1,12989,1
MINGtoMING/bzip2,ТЌатЈўтїќ,0,0,137,1,137,1
MINGtoMING/datetime,ТЌатЈўтїќ,0,0,531,1,531,1
MINGtoMING/simdstring,ТЌатЈўтїќ,0,0,289,3,289,3
misika727/sqrt,ТЌатЈўтїќ,0,0,63,2,63,2
mizchi/ast_printer,ТЌатЈўтїќ,0,0,2556,1,2556,1
mizchi/audio,ТЌатЈўтїќ,0,0,5420,1,5420,1
mizchi/bit,ТЌатЈўтїќ,0,0,137856,38,137856,38
mizchi/bitflow,ТЌатЈўтїќ,0,0,13869,5,13869,5
mizchi/blas,ТЌатЈўтїќ,0,0,1219,2,1219,2
mizchi/brotli,ТЌатЈўтїќ,0,0,16031,1,16031,1
mizchi/cbor,ТЌатЈўтїќ,0,0,1323,2,1323,2
mizchi/cloudflare,ТЌатЈўтїќ,0,0,9098,8,9098,8
mizchi/codegen,ТЌатЈўтїќ,0,0,7115,5,7115,5
mizchi/converge,ТЌатЈўтїќ,0,0,8050,14,8050,14
mizchi/crater,ТЌатЈўтїќ,0,0,116962,42,116962,42
mizchi/crdt_db,ТЌатЈўтїќ,0,0,5786,11,5786,11
mizchi/cst,ТЌатЈўтїќ,0,0,2508,4,2508,4
mizchi/discord,ТЌатЈўтїќ,0,0,1666,3,1666,3
mizchi/flatbuffers,ТЌатЈўтїќ,0,0,10671,3,10671,3
mizchi/font,ТЌатЈўтїќ,0,0,8687,2,8687,2
mizchi/git,ТЌатЈўтїќ,0,0,53603,9,53603,9
mizchi/glfw,ТЌатЈўтїќ,0,0,462,2,462,2
mizchi/image,ТЌатЈўтїќ,0,0,3797,1,3797,1
mizchi/js,ТЌатЈўтїќ,0,0,78307,112,78307,112
mizchi/js_io,ТЌатЈўтїќ,0,0,170,2,170,2
mizchi/js_regexp,ТЌатЈўтїќ,0,0,145,2,145,2
mizchi/json,ТЌатЈўтїќ,0,0,191,1,191,1
mizchi/jsonschema,ТЌатЈўтїќ,0,0,6617,6,6617,6
mizchi/kagura,ТЌатЈўтїќ,0,0,34156,29,34156,29
mizchi/layout,ТЌатЈўтїќ,0,0,1953,11,1953,11
mizchi/lib,ТЌатЈўтїќ,0,0,118,2,118,2
mizchi/libgit2,ТЌатЈўтїќ,0,0,2525,4,2525,4
mizchi/libjit,ТЌатЈўтїќ,0,0,9787,3,9787,3
mizchi/llm,ТЌатЈўтїќ,0,0,7450,8,7450,8
mizchi/lsp,ТЌатЈўтїќ,0,0,28260,7,28260,7
mizchi/luna,ТЌатЈўтїќ,0,0,63637,60,63637,60
mizchi/markdown,ТЌатЈўтїќ,0,0,21747,14,21747,14
mizchi/mars,ТЌатЈўтїќ,0,0,14517,11,14517,11
mizchi/mbts,ТЌатЈўтїќ,0,0,12071,9,12071,9
mizchi/moomaid,ТЌатЈўтїќ,0,0,3809,4,3809,4
mizchi/moon_component,ТЌатЈўтїќ,0,0,16096,38,16096,38
mizchi/moon-install,ТЌатЈўтїќ,0,0,1006,2,1006,2
mizchi/moonix,ТЌатЈўтїќ,0,0,16216,20,16216,20
mizchi/moonlight,ТЌатЈўтїќ,0,0,29907,19,29907,19
mizchi/mwac,ТЌатЈўтїќ,0,0,9887,15,9887,15
mizchi/nn,ТЌатЈўтїќ,0,0,23065,9,23065,9
mizchi/nom,ТЌатЈўтїќ,0,0,3433,3,3433,3
mizchi/npm_typed,ТЌатЈўтїќ,0,0,83306,103,83306,103
mizchi/numbt,ТЌатЈўтїќ,0,0,4602,1,4602,1
mizchi/oci_wasm,ТЌатЈўтїќ,0,0,2061,7,2061,7
mizchi/pixelmatch,ТЌатЈўтїќ,0,0,2621,3,2621,3
mizchi/playwright,ТЌатЈўтїќ,0,0,7716,4,7716,4
mizchi/process_pool,ТЌатЈўтїќ,0,0,1162,2,1162,2
mizchi/protocol,ТЌатЈўтїќ,0,0,803,2,803,2
mizchi/ripple,ТЌатЈўтїќ,0,0,4575,2,4575,2
mizchi/rlm,ТЌатЈўтїќ,0,0,5747,1,5747,1
mizchi/rlm_moonbit,ТЌатЈўтїќ,0,0,5747,1,5747,1
mizchi/sandbox,ТЌатЈўтїќ,0,0,66259,81,66259,81
mizchi/semver,ТЌатЈўтїќ,0,0,1661,4,1661,4
mizchi/signals,ТЌатЈўтїќ,0,0,4947,2,4947,2
mizchi/similarity,ТЌатЈўтїќ,0,0,2664,5,2664,5
mizchi/sol,ТЌатЈўтїќ,0,0,60424,51,60424,51
mizchi/sqlc_gen_moonbit,ТЌатЈўтїќ,0,0,24540,30,24540,30
mizchi/sqlite,ТЌатЈўтїќ,0,0,2232,1,2232,1
mizchi/starlint,ТЌатЈўтїќ,0,0,17495,7,17495,7
mizchi/svg,ТЌатЈўтїќ,0,0,23746,4,23746,4
mizchi/syntree,ТЌатЈўтїќ,0,0,29888,34,29888,34
mizchi/tempfile,ТЌатЈўтїќ,0,0,496,2,496,2
mizchi/threads,ТЌатЈўтїќ,0,0,6944,12,6944,12
mizchi/tmgrammar,ТЌатЈўтїќ,0,0,72806,42,72806,42
mizchi/ts,ТЌатЈўтїќ,0,0,72195,8,72195,8
mizchi/tui,ТЌатЈўтїќ,0,0,36737,34,36737,34
mizchi/wasi,ТЌатЈўтїќ,0,0,3654,28,3654,28
mizchi/wasi_interface,ТЌатЈўтїќ,0,0,3605,3,3605,3
mizchi/wasmtime,ТЌатЈўтїќ,0,0,2680,4,2680,4
mizchi/wasmx,ТЌатЈўтїќ,0,0,52280,12,52280,12
mizchi/webdriver,ТЌатЈўтїќ,0,0,4894,1,4894,1
mizchi/webdriver.mbt,ТЌатЈўтїќ,0,0,1848,1,1848,1
mizchi/whenwords,ТЌатЈўтїќ,0,0,1058,2,1058,2
mizchi/whisper,ТЌатЈўтїќ,0,0,1523,3,1523,3
mizchi/whisper-mbt,ТЌатЈўтїќ,0,0,1318,3,1318,3
mizchi/wit,ТЌатЈўтїќ,0,0,4397,2,4397,2
mizchi/wit.mbt,ТЌатЈўтїќ,0,0,9141,47,9141,47
mizchi/wite,ТЌатЈўтїќ,0,0,41412,16,41412,16
mizchi/x,ТЌатЈўтїќ,0,0,58559,67,58559,67
mizchi/zlib,ТЌатЈўтїќ,0,0,2218,2,2218,2
moonbit-community/casefold,ТЌатЈўтїќ,0,0,2072,1,2072,1
moonbit-community/cmark,ТЌатЈўтїќ,0,0,30339,7,30339,7
moonbit-community/debug,ТЌатЈўтїќ,0,0,5992,5,5992,5
moonbit-community/debug_deriving,ТЌатЈўтїќ,0,0,637,1,637,1
moonbit-community/find_cluster_break,ТЌатЈўтїќ,0,0,647,2,647,2
moonbit-community/fuzzy_match,ТЌатЈўтїќ,0,0,571,1,571,1
moonbit-community/ini,ТЌатЈўтїќ,0,0,1794,1,1794,1
moonbit-community/jade-ui,ТЌатЈўтїќ,0,0,9182,4,9182,4
moonbit-community/js-ffi,ТЌатЈўтїќ,0,0,1304,1,1304,1
moonbit-community/jsondiff,ТЌатЈўтїќ,0,0,1496,1,1496,1
moonbit-community/moongrep,ТЌатЈўтїќ,0,0,638,2,638,2
moonbit-community/moongrep-skill,ТЌатЈўтїќ,0,0,1095,1,1095,1
moonbit-community/piediff,ТЌатЈўтїќ,0,0,2344,5,2344,5
moonbit-community/rabbita,ТЌатЈўтїќ,0,0,18643,14,18643,14
moonbit-community/sqlite3,ТЌатЈўтїќ,0,0,515,1,515,1
moonbit-community/yaml,ТЌатЈўтїќ,0,0,5863,1,5863,1
moonbit-courses/minimoonbit-courses,ТЌатЈўтїќ,0,0,112,1,112,1
moonbit-js-ffi/js,ТЌатЈўтїќ,0,0,1160,2,1160,2
moonbitlang/arduino,ТЌатЈўтїќ,0,0,1043,4,1043,4
moonbitlang/async,ТЌатЈўтїќ,0,0,28679,42,28679,42
moonbitlang/core,ТЌатЈўтїќ,0,0,139497,66,139497,66
moonbitlang/dummy_abort,ТЌатЈўтїќ,0,0,20,2,20,2
moonbitlang/esp32,ТЌатЈўтїќ,0,0,797,8,797,8
moonbitlang/formatter,ТЌатЈўтїќ,0,0,4451,6,4451,6
moonbitlang/json_deriving,ТЌатЈўтїќ,0,0,1882,4,1882,4
moonbitlang/json_deriving_codegen,ТЌатЈўтїќ,0,0,1188,1,1188,1
moonbitlang/lex,ТЌатЈўтїќ,0,0,8652,20,8652,20
moonbitlang/lex-runtime,ТЌатЈўтїќ,0,0,255,2,255,2
moonbitlang/mbt_lexer,ТЌатЈўтїќ,0,0,5526,2,5526,2
moonbitlang/mbt-lexer,ТЌатЈўтїќ,0,0,1460,1,1460,1
moonbitlang/parser,ТЌатЈўтїќ,0,0,149607,16,149607,16
moonbitlang/protobuf,ТЌатЈўтїќ,0,0,1449,1,1449,1
moonbitlang/quickcheck,ТЌатЈўтїќ,0,0,3712,7,3712,7
moonbitlang/regexp,ТЌатЈўтїќ,0,0,12052,5,12052,5
moonbitlang/std,ТЌатЈўтїќ,0,0,99,1,99,1
moonbitlang/ulex,ТЌатЈўтїќ,0,0,9920,31,9920,31
moonbitlang/ulex-runtime,ТЌатЈўтїќ,0,0,131,1,131,1
moonbitlang/wasm4,ТЌатЈўтїќ,0,0,813,1,813,1
moonbitlang/x,ТЌатЈўтїќ,0,0,22528,23,22528,23
moonbitlang/yacc,ТЌатЈўтїќ,0,0,52046,29,52046,29
moonrockz/cucumber-expressions,ТЌатЈўтїќ,0,0,3208,1,3208,1
moonrockz/cucumber-messages,ТЌатЈўтїќ,0,0,3958,1,3958,1
moonrockz/directories,ТЌатЈўтїќ,0,0,743,1,743,1
moonrockz/expect,ТЌатЈўтїќ,0,0,394,1,394,1
moonrockz/gherkin,ТЌатЈўтїќ,0,0,11821,9,11821,9
moonrockz/mediator,ТЌатЈўтїќ,0,0,951,6,951,6
moonrockz/moonspec,ТЌатЈўтїќ,0,0,28202,14,28202,14
moransky/bloom_filter,ТЌатЈўтїќ,0,0,105,2,105,2
my-xn/hello,ТЌатЈўтїќ,0,0,25,2,25,2
myfreess/casefold,ТЌатЈўтїќ,0,0,2067,1,2067,1
myfreess/charclass,ТЌатЈўтїќ,0,0,318,1,318,1
myfreess/lums,ТЌатЈўтїќ,0,0,218,1,218,1
myfreess/myers-diff,ТЌатЈўтїќ,0,0,414,2,414,2
myfreess/piediff,ТЌатЈўтїќ,0,0,2273,4,2273,4
myfreess/rope,ТЌатЈўтїќ,0,0,1458,1,1458,1
myfreess/sqlite3,ТЌатЈўтїќ,0,0,532,2,532,2
myfreess/text,ТЌатЈўтїќ,0,0,1514,1,1514,1
myfreess/unicode_data,ТЌатЈўтїќ,0,0,30812,2,30812,2
myfreess/yaml,ТЌатЈўтїќ,0,0,3915,1,3915,1
nanlingyin/mbt_LIB,ТЌатЈўтїќ,0,0,18,1,18,1
naokikawamoto16/grpc,ТЌатЈўтїќ,0,0,3792,5,3792,5
naokikawamoto16/turn,ТЌатЈўтїќ,0,0,799,1,799,1
Near-Jungnune/Near-Jungnune,ТЌатЈўтїќ,0,0,12,1,12,1
NerdyLee/newcake_ls,ТЌатЈўтїќ,0,0,48,2,48,2
nodex/ssmp,ТЌатЈўтїќ,0,0,109,1,109,1
nuskey8/brainfuck,ТЌатЈўтїќ,0,0,180,2,180,2
nuskey8/lisp,ТЌатЈўтїќ,0,0,389,2,389,2
nuskey8/oneshot,ТЌатЈўтїќ,0,0,136,2,136,2
nysopua/mknip,ТЌатЈўтїќ,0,0,1466,2,1466,2
Nyuudoukumo/uuidv4,ТЌатЈўтїќ,0,0,141,1,141,1
oboard/assets,ТЌатЈўтїќ,0,0,182,1,182,1
oboard/base16384,ТЌатЈўтїќ,0,0,284,1,284,1
oboard/mimetype,ТЌатЈўтїќ,0,0,1158,2,1158,2
oboard/mio,ТЌатЈўтїќ,0,0,948,2,948,2
oboard/mocket,ТЌатЈўтїќ,0,0,5442,11,5442,11
oboard/moonbit-eval,ТЌатЈўтїќ,0,0,54026,5,54026,5
oboard/mooncrypto,ТЌатЈўтїќ,0,0,1010,2,1010,2
oboard/moonetx,ТЌатЈўтїќ,0,0,1323,1,1323,1
oboard/numoon,ТЌатЈўтїќ,0,0,1332,2,1332,2
oboard/readline,ТЌатЈўтїќ,0,0,342,2,342,2
oboard/redis,ТЌатЈўтїќ,0,0,5222,1,5222,1
oboard/stdout,ТЌатЈўтїќ,0,0,154,1,154,1
oboard/weatherquery,ТЌатЈўтїќ,0,0,81,1,81,1
orangenin/hello,ТЌатЈўтїќ,0,0,25,2,25,2
pai2shub/alg,ТЌатЈўтїќ,0,0,976,38,976,38
paveg/httprouter,ТЌатЈўтїќ,0,0,1937,2,1937,2
paveg/ulid,ТЌатЈўтїќ,0,0,962,1,962,1
PegasusPlusUS/hello,ТЌатЈўтїќ,0,0,341,2,341,2
Penguinsltp/examine,ТЌатЈўтїќ,0,0,66,2,66,2
Penguinsltp/gif_decoder,ТЌатЈўтїќ,0,0,1508,3,1508,3
PerfectPan/base64,ТЌатЈўтїќ,0,0,255,1,255,1
peter-jerry-ye/advent_of_code,ТЌатЈўтїќ,0,0,254,2,254,2
peter-jerry-ye/assertion,ТЌатЈўтїќ,0,0,283,1,283,1
peter-jerry-ye/async,ТЌатЈўтїќ,0,0,938,4,938,4
peter-jerry-ye/canvas,ТЌатЈўтїќ,0,0,1217,5,1217,5
peter-jerry-ye/codex,ТЌатЈўтїќ,0,0,11526,26,11526,26
peter-jerry-ye/io,ТЌатЈўтїќ,0,0,601,2,601,2
peter-jerry-ye/json,ТЌатЈўтїќ,0,0,374,1,374,1
peter-jerry-ye/mcp-server,ТЌатЈўтїќ,0,0,1014,3,1014,3
peter-jerry-ye/memory,ТЌатЈўтїќ,0,0,589,1,589,1
peter-jerry-ye/parse_args,ТЌатЈўтїќ,0,0,428,1,428,1
peter-jerry-ye/parser-combinator,ТЌатЈўтїќ,0,0,593,1,593,1
peter-jerry-ye/spin-imports,ТЌатЈўтїќ,0,0,2852,10,2852,10
peter-jerry-ye/utils,ТЌатЈўтїќ,0,0,1942,5,1942,5
peter-jerry-ye/wasi,ТЌатЈўтїќ,0,0,6826,15,6826,15
peter-jerry-ye/wasi-imports,ТЌатЈўтїќ,0,0,9056,30,9056,30
PingGuoMiaoMiao/Autumn_frame,ТЌатЈўтїќ,0,0,14303,24,14303,24
PingGuoMiaoMiao/hello,ТЌатЈўтїќ,0,0,25,2,25,2
PingGuoMiaoMiao/LunarKeccak256,ТЌатЈўтїќ,0,0,1023,2,1023,2
PingGuoMiaoMiao/mooncove,ТЌатЈўтїќ,0,0,1413,2,1413,2
pzl-love/Introsort,ТЌатЈўтїќ,0,0,320,2,320,2
QZL-max/QZL-max,ТЌатЈўтїќ,0,0,12,1,12,1
rabbyte/suffix-array,ТЌатЈўтїќ,0,0,665,1,665,1
rami3l/cmark,ТЌатЈўтїќ,0,0,30202,7,30202,7
rami3l/js-ffi,ТЌатЈўтїќ,0,0,1278,1,1278,1
rami3l/unicodewidth,ТЌатЈўтїќ,0,0,25282,1,25282,1
rami3l/version,ТЌатЈўтїќ,0,0,3162,2,3162,2
Refined_heart/Sort,ТЌатЈўтїќ,0,0,60,2,60,2
remain11/i18n,ТЌатЈўтїќ,0,0,52,3,52,3
Ronlands/ttf_parser_moonbit,ТЌатЈўтїќ,0,0,1918,8,1918,8
ruifeng/diff,ТЌатЈўтїќ,0,0,2203,2,2203,2
ruifeng/moondsa,ТЌатЈўтїќ,0,0,5202,1,5202,1
ruifeng/XMLParser,ТЌатЈўтїќ,0,0,4093,2,4093,2
Rutubet/moon_rsa,ТЌатЈўтїќ,0,0,708,2,708,2
ryota0624/circuit_breaker,ТЌатЈўтїќ,0,0,995,2,995,2
ryota0624/k6,ТЌатЈўтїќ,0,0,3490,5,3490,5
ryota0624/moonbit_cloudevents,ТЌатЈўтїќ,0,0,510,2,510,2
ryota0624/moonbit_otel,ТЌатЈўтїќ,0,0,10901,14,10901,14
ryota0624/moonbit_test_containers,ТЌатЈўтїќ,0,0,2530,2,2530,2
ryota0624/mustache,ТЌатЈўтїќ,0,0,1454,2,1454,2
ryota0624/oauth2,ТЌатЈўтїќ,0,0,7347,6,7347,6
ryota0624/opentelemetry_proto_mbt,ТЌатЈўтїќ,0,0,6573,11,6573,11
sacckey/lunaboy,ТЌатЈўтїќ,0,0,4639,3,4639,3
Seedking/SemVer,ТЌатЈўтїќ,0,0,608,1,608,1
SeisanSoda/hello,ТЌатЈўтїќ,0,0,26,2,26,2
sennenki/abort_hook,ТЌатЈўтїќ,0,0,53,2,53,2
sennenki/immutable,ТЌатЈўтїќ,0,0,4570,10,4570,10
sennenki/js,ТЌатЈўтїќ,0,0,1546,1,1546,1
sennenki/lens,ТЌатЈўтїќ,0,0,749,1,749,1
sennenki/process,ТЌатЈўтїќ,0,0,708,1,708,1
sennenki/sexp,ТЌатЈўтїќ,0,0,1792,1,1792,1
sennenki/tsparser,ТЌатЈўтїќ,0,0,13828,1,13828,1
ShellWen/dotenv,ТЌатЈўтїќ,0,0,1379,1,1379,1
ShellWen/dotenv-mbt,ТЌатЈўтїќ,0,0,12,0,12,0
ShellWen/lru_cache,ТЌатЈўтїќ,0,0,211,1,211,1
ShellWen/sw_ini,ТЌатЈўтїќ,0,0,1404,1,1404,1
ShellWen/sw_router,ТЌатЈўтїќ,0,0,589,1,589,1
ShellWen/sw_socket,ТЌатЈўтїќ,0,0,983,6,983,6
shiheat/find_max,ТЌатЈўтїќ,0,0,25,1,25,1
shu-kitamura/sha256,ТЌатЈўтїќ,0,0,263,1,263,1
sjzbxhsj/Calculator,ТЌатЈўтїќ,0,0,46,1,46,1
smallbearrr/NetworkX,ТЌатЈўтїќ,0,0,1907,1,1907,1
smallbearrr/pandas,ТЌатЈўтїќ,0,0,6324,2,6324,2
sohaha/zls,ТЌатЈўтїќ,0,0,25,2,25,2
sombozone/moon_expr,ТЌатЈўтїќ,0,0,4004,7,4004,7
structuraBlock/MoonStats,ТЌатЈўтїќ,0,0,328,2,328,2
suiyunonghen/datetime,ТЌатЈўтїќ,0,0,874,1,874,1
suiyunonghen/linklist,ТЌатЈўтїќ,0,0,908,1,908,1
suiyunonghen/moonvalue,ТЌатЈўтїќ,0,0,4366,1,4366,1
suiyunonghen/wasmMemManager,ТЌатЈўтїќ,0,0,1073,1,1073,1
summer-boythink/moonorm,ТЌатЈўтїќ,0,0,34,3,34,3
SupremeHuaji/FibonacciHeap,ТЌатЈўтїќ,0,0,1444,1,1444,1
SupremeHuaji/MaxStack,ТЌатЈўтїќ,0,0,1691,1,1691,1
SupremeHuaji/MoonClmech,ТЌатЈўтїќ,0,0,5836,1,5836,1
SupremeHuaji/MoonElec,ТЌатЈўтїќ,0,0,2180,2,2180,2
SupremeHuaji/MoonFluid,ТЌатЈўтїќ,0,0,2168,2,2168,2
SupremeHuaji/MoonGeo,ТЌатЈўтїќ,0,0,1563,2,1563,2
SupremeHuaji/MoonMech,ТЌатЈўтїќ,0,0,3162,2,3162,2
SupremeHuaji/MoonMet,ТЌатЈўтїќ,0,0,4967,2,4967,2
SupremeHuaji/moonsmiles,ТЌатЈўтїќ,0,0,2513,2,2513,2
SupremeHuaji/MoonSteel,ТЌатЈўтїќ,0,0,1675,2,1675,2
SupremeHuaji/MoonStrMech,ТЌатЈўтїќ,0,0,2455,2,2455,2
SupremeHuaji/ptime,ТЌатЈўтїќ,0,0,2010,2,2010,2
SupremeHuaji/Quadtree,ТЌатЈўтїќ,0,0,3555,1,3555,1
SupremeHuaji/VEBTree,ТЌатЈўтїќ,0,0,1623,1,1623,1
SupremeHuaji/XorLinkedList,ТЌатЈўтїќ,0,0,1310,1,1310,1
SyoujyoujiNaiki/chungshan,ТЌатЈўтїќ,0,0,459,2,459,2
SyoujyoujiNaiki/oops,ТЌатЈўтїќ,0,0,2835,2,2835,2
tekihei2317/hello,ТЌатЈўтїќ,0,0,55,2,55,2
TheWaWaR/clap,ТЌатЈўтїќ,0,0,1344,1,1344,1
TheWaWaR/lunar,ТЌатЈўтїќ,0,0,1721,3,1721,3
Tianci-King/hello,ТЌатЈўтїќ,0,0,36,2,36,2
Tianci-King/median,ТЌатЈўтїќ,0,0,29,1,29,1
TianZaiShuiZhong/hello,ТЌатЈўтїќ,0,0,25,2,25,2
tiye/caterfoil,ТЌатЈўтїќ,0,0,2580,2,2580,2
tiye/cirru-edn,ТЌатЈўтїќ,0,0,1131,2,1131,2
tiye/cirru-parser,ТЌатЈўтїќ,0,0,1247,2,1247,2
tiye/dom-ffi,ТЌатЈўтїќ,0,0,2395,2,2395,2
tiye/genai,ТЌатЈўтїќ,0,0,2161,2,2161,2
tiye/lexicon-fractional-index,ТЌатЈўтїќ,0,0,957,2,957,2
tiye/preact,ТЌатЈўтїќ,0,0,3007,2,3007,2
tiye/quaternion,ТЌатЈўтїќ,0,0,1076,1,1076,1
tiye/react,ТЌатЈўтїќ,0,0,3112,2,3112,2
tiye/respo,ТЌатЈўтїќ,0,0,7025,4,7025,4
tiye/respo_css,ТЌатЈўтїќ,0,0,4849,2,4849,2
tiye/respo-markdown,ТЌатЈўтїќ,0,0,1479,3,1479,3
tiye/respo-router,ТЌатЈўтїќ,0,0,456,2,456,2
tmkx/hello,ТЌатЈўтїќ,0,0,24,2,24,2
tonyfettes/amjson,ТЌатЈўтїќ,0,0,927,2,927,2
tonyfettes/amtoml,ТЌатЈўтїќ,0,0,1466,2,1466,2
tonyfettes/any,ТЌатЈўтїќ,0,0,358,1,358,1
tonyfettes/assert,ТЌатЈўтїќ,0,0,119,1,119,1
tonyfettes/atomics,ТЌатЈўтїќ,0,0,183,2,183,2
tonyfettes/base64,ТЌатЈўтїќ,0,0,244,1,244,1
tonyfettes/c,ТЌатЈўтїќ,0,0,5069,22,5069,22
tonyfettes/dl,ТЌатЈўтїќ,0,0,149,1,149,1
tonyfettes/dotenv,ТЌатЈўтїќ,0,0,1379,1,1379,1
tonyfettes/encoding,ТЌатЈўтїќ,0,0,2233,1,2233,1
tonyfettes/insomnia,ТЌатЈўтїќ,0,0,583,1,583,1
tonyfettes/iter,ТЌатЈўтїќ,0,0,10,1,10,1
tonyfettes/js,ТЌатЈўтїќ,0,0,517,5,517,5
tonyfettes/json,ТЌатЈўтїќ,0,0,3704,1,3704,1
tonyfettes/json_parser,ТЌатЈўтїќ,0,0,1138,2,1138,2
tonyfettes/json_test_parser,ТЌатЈўтїќ,0,0,861,2,861,2
tonyfettes/lua,ТЌатЈўтїќ,0,0,2734,4,2734,4
tonyfettes/malloc,ТЌатЈўтїќ,0,0,348,1,348,1
tonyfettes/maria_json_parser,ТЌатЈўтїќ,0,0,1330,2,1330,2
tonyfettes/memory,ТЌатЈўтїќ,0,0,1833,2,1833,2
tonyfettes/moon-clib,ТЌатЈўтїќ,0,0,5208,11,5208,11
tonyfettes/moon-embed,ТЌатЈўтїќ,0,0,429,1,429,1
tonyfettes/moonbit,ТЌатЈўтїќ,0,0,64,2,64,2
tonyfettes/mua,ТЌатЈўтїќ,0,0,951,1,951,1
tonyfettes/narray,ТЌатЈўтїќ,0,0,346,1,346,1
tonyfettes/nat,ТЌатЈўтїќ,0,0,1664,1,1664,1
tonyfettes/openai,ТЌатЈўтїќ,0,0,2789,3,2789,3
tonyfettes/openssl,ТЌатЈўтїќ,0,0,290,1,290,1
tonyfettes/ops,ТЌатЈўтїќ,0,0,7,1,7,1
tonyfettes/os,ТЌатЈўтїќ,0,0,395,2,395,2
tonyfettes/path,ТЌатЈўтїќ,0,0,1354,1,1354,1
tonyfettes/pcre2,ТЌатЈўтїќ,0,0,843,1,843,1
tonyfettes/platform,ТЌатЈўтїќ,0,0,56,1,56,1
tonyfettes/small,ТЌатЈўтїќ,0,0,262,1,262,1
tonyfettes/socket,ТЌатЈўтїќ,0,0,371,5,371,5
tonyfettes/ssl,ТЌатЈўтїќ,0,0,242,2,242,2
tonyfettes/submodule-test,ТЌатЈўтїќ,0,0,27,2,27,2
tonyfettes/telegram-bot,ТЌатЈўтїќ,0,0,28891,1,28891,1
tonyfettes/tiktoken,ТЌатЈўтїќ,0,0,100493,2,100493,2
tonyfettes/toml_parser,ТЌатЈўтїќ,0,0,1195,2,1195,2
tonyfettes/torch,ТЌатЈўтїќ,0,0,9999,20,9999,20
tonyfettes/tree_sitter,ТЌатЈўтїќ,0,0,7532,6,7532,6
tonyfettes/tree_sitter_c,ТЌатЈўтїќ,0,0,36,1,36,1
tonyfettes/tree_sitter_cpp,ТЌатЈўтїќ,0,0,38,1,38,1
tonyfettes/tree_sitter_css,ТЌатЈўтїќ,0,0,38,1,38,1
tonyfettes/tree_sitter_flow,ТЌатЈўтїќ,0,0,38,1,38,1
tonyfettes/tree_sitter_go,ТЌатЈўтїќ,0,0,36,1,36,1
tonyfettes/tree_sitter_html,ТЌатЈўтїќ,0,0,39,1,39,1
tonyfettes/tree_sitter_java,ТЌатЈўтїќ,0,0,36,1,36,1
tonyfettes/tree_sitter_javascript,ТЌатЈўтїќ,0,0,38,1,38,1
tonyfettes/tree_sitter_json,ТЌатЈўтїќ,0,0,36,1,36,1
tonyfettes/tree_sitter_language,ТЌатЈўтїќ,0,0,12,1,12,1
tonyfettes/tree_sitter_markdown,ТЌатЈўтїќ,0,0,38,1,38,1
tonyfettes/tree_sitter_markdown_inline,ТЌатЈўтїќ,0,0,38,1,38,1
tonyfettes/tree_sitter_moonbit,ТЌатЈўтїќ,0,0,38,1,38,1
tonyfettes/tree_sitter_ocaml,ТЌатЈўтїќ,0,0,38,1,38,1
tonyfettes/tree_sitter_ocaml_interface,ТЌатЈўтїќ,0,0,38,1,38,1
tonyfettes/tree_sitter_ocaml_type,ТЌатЈўтїќ,0,0,38,1,38,1
tonyfettes/tree_sitter_python,ТЌатЈўтїќ,0,0,38,1,38,1
tonyfettes/tree_sitter_query,ТЌатЈўтїќ,0,0,36,1,36,1
tonyfettes/tree_sitter_rust,ТЌатЈўтїќ,0,0,38,1,38,1
tonyfettes/tree_sitter_tsx,ТЌатЈўтїќ,0,0,38,1,38,1
tonyfettes/tree_sitter_typescript,ТЌатЈўтїќ,0,0,38,1,38,1
tonyfettes/tree_sitter_yaml,ТЌатЈўтїќ,0,0,42,1,42,1
tonyfettes/tree-sitter,ТЌатЈўтїќ,0,0,11,1,11,1
tonyfettes/unicode,ТЌатЈўтїќ,0,0,11789,5,11789,5
tonyfettes/uri,ТЌатЈўтїќ,0,0,848,1,848,1
tonyfettes/url,ТЌатЈўтїќ,0,0,3360,1,3360,1
tonyfettes/utf8,ТЌатЈўтїќ,0,0,333,1,333,1
tonyfettes/uv,ТЌатЈўтїќ,0,0,13288,2,13288,2
tonyfettes/wasm,ТЌатЈўтїќ,0,0,703,3,703,3
tonyfettes/webgpu,ТЌатЈўтїќ,0,0,1626,1,1626,1
tonyfettes/wtf16,ТЌатЈўтїќ,0,0,458,1,458,1
tonyfettes/wtf8,ТЌатЈўтїќ,0,0,330,1,330,1
trash33/sudoku,ТЌатЈўтїќ,0,0,427,2,427,2
trkbt10/micado_mbt,ТЌатЈўтїќ,0,0,8453,21,8453,21
typinglabs/romaji_typing,ТЌатЈўтїќ,0,0,1958,3,1958,3
vectie/moonclaw,ТЌатЈўтїќ,0,0,871,2,871,2
wangjuwudi/line_sort,ТЌатЈўтїќ,0,0,155,1,155,1
wangweigang/hello,ТЌатЈўтїќ,0,0,276,3,276,3
wangziling/hello,ТЌатЈўтїќ,0,0,19,2,19,2
WenqiChen3019/sqrt,ТЌатЈўтїќ,0,0,44,2,44,2
WilliamZ1008/qt-gui,ТЌатЈўтїќ,0,0,44,1,44,1
WilliamZ1008/qtgui,ТЌатЈўтїќ,0,0,1601,1,1601,1
wjy030522/compare,ТЌатЈўтїќ,0,0,53,2,53,2
wjy030522/hello,ТЌатЈўтїќ,0,0,25,2,25,2
wstreet/moontest,ТЌатЈўтїќ,0,0,26,2,26,2
wwj1203/string2int,ТЌатЈўтїќ,0,0,33,1,33,1
wzzc-dev/imgui,ТЌатЈўтїќ,0,0,499,2,499,2
wzzc-dev/teager,ТЌатЈўтїќ,0,0,28,2,28,2
wzzc-dev/webview-ffi,ТЌатЈўтїќ,0,0,148,3,148,3
wzzc-dev/webview-mbt-demo,ТЌатЈўтїќ,0,0,45,2,45,2
xavier865/hello,ТЌатЈўтїќ,0,0,65,2,65,2
xing0818/xing0818,ТЌатЈўтїќ,0,0,15,1,15,1
xingwangzhe/files_tree,ТЌатЈўтїќ,0,0,628,1,628,1
xingwangzhe/license_checker,ТЌатЈўтїќ,0,0,840,1,840,1
xingwangzhe/style_print,ТЌатЈўтїќ,0,0,651,1,651,1
xunyoyo/linalg,ТЌатЈўтїќ,0,0,1772,2,1772,2
xunyoyo/NyaCSV,ТЌатЈўтїќ,0,0,900,1,900,1
xunyoyo/NyaSearch,ТЌатЈўтїќ,0,0,500,1,500,1
xunyoyo/permutation,ТЌатЈўтїќ,0,0,209,4,209,4
xunyoyo/Permutation,ТЌатЈўтїќ,0,0,216,4,216,4
yamajik/dapr,ТЌатЈўтїќ,0,0,138,1,138,1
yamajik/wasi,ТЌатЈўтїќ,0,0,1458,4,1458,4
yamajik/wasi-bindings,ТЌатЈўтїќ,0,0,8887,34,8887,34
yangqing/hello,ТЌатЈўтїќ,0,0,29,2,29,2
yanyeting/minmax,ТЌатЈўтїќ,0,0,33,2,33,2
yatsuna827/pk-rng-gen3,ТЌатЈўтїќ,0,0,6337,11,6337,11
yatsuna827/pk-rng-lcg32,ТЌатЈўтїќ,0,0,265,2,265,2
YHSZ-ONEC/yhsz,ТЌатЈўтїќ,0,0,12,1,12,1
yj-qin/llhttp,ТЌатЈўтїќ,0,0,1376,1,1376,1
yj-qin/moonlox,ТЌатЈўтїќ,0,0,2551,2,2551,2
yj-qin/regexp,ТЌатЈўтїќ,0,0,4348,1,4348,1
Yoorkin/ArgParser,ТЌатЈўтїќ,0,0,213,1,213,1
Yoorkin/format,ТЌатЈўтїќ,0,0,62,1,62,1
Yoorkin/fuzzy_search,ТЌатЈўтїќ,0,0,249,1,249,1
Yoorkin/hashtbl,ТЌатЈўтїќ,0,0,59,2,59,2
Yoorkin/hello,ТЌатЈўтїќ,0,0,33,2,33,2
Yoorkin/jmop,ТЌатЈўтїќ,0,0,2187,2,2187,2
Yoorkin/logr_moonbit,ТЌатЈўтїќ,0,0,2508,1,2508,1
Yoorkin/prettyprinter,ТЌатЈўтїќ,0,0,1655,2,1655,2
Yoorkin/rabbit-tea,ТЌатЈўтїќ,0,0,21568,18,21568,18
Yoorkin/shiki,ТЌатЈўтїќ,0,0,138,1,138,1
Yoorkin/splice,ТЌатЈўтїќ,0,0,246,1,246,1
Yoorkin/stack,ТЌатЈўтїќ,0,0,75,1,75,1
Yoorkin/trace,ТЌатЈўтїќ,0,0,26,1,26,1
Yoorkin/trie,ТЌатЈўтїќ,0,0,132,1,132,1
Yoorkin/uriparse,ТЌатЈўтїќ,0,0,18503,2,18503,2
Yoorkin/vibecraft,ТЌатЈўтїќ,0,0,5011,2,5011,2
Yoorkin/webgen,ТЌатЈўтїќ,0,0,2887,1,2887,1
Yoorkin/webidl,ТЌатЈўтїќ,0,0,13276,4,13276,4
yoshitsugu/parsem,ТЌатЈўтїќ,0,0,642,1,642,1
Young-Flash/test,ТЌатЈўтїќ,0,0,25,2,25,2
Young-Flash/test_ignore,ТЌатЈўтїќ,0,0,25,2,25,2
Young-Flash/test_publish,ТЌатЈўтїќ,0,0,25,2,25,2
Young-Flash/try_publish,ТЌатЈўтїќ,0,0,25,2,25,2
Yu-zh/codex_worfkow,ТЌатЈўтїќ,0,0,2436,4,2436,4
Yu-zh/either,ТЌатЈўтїќ,0,0,69,1,69,1
Yu-zh/iterator,ТЌатЈўтїќ,0,0,524,2,524,2
Yu-zh/sslist,ТЌатЈўтїќ,0,0,177,1,177,1
Yu-zh/termbit,ТЌатЈўтїќ,0,0,236,1,236,1
Yu-zh/tracing,ТЌатЈўтїќ,0,0,240,1,240,1
yueTc/Binary-Indexed-Tree,ТЌатЈўтїќ,0,0,58,2,58,2
YumeCross/schema,ТЌатЈўтїќ,0,0,1721,2,1721,2
YumeXi/format,ТЌатЈўтїќ,0,0,1856,4,1856,4
YumeXi/iter,ТЌатЈўтїќ,0,0,735,1,735,1
yuyi919/shared-lib,ТЌатЈўтїќ,0,0,9773,9,9773,9
yxsql74/hello,ТЌатЈўтїќ,0,0,25,2,25,2
yyjeqhc/base32,ТЌатЈўтїќ,0,0,317,2,317,2
zdu881/DataProc,ТЌатЈўтїќ,0,0,143,1,143,1
zdu881/webmocket,ТЌатЈўтїќ,0,0,291,2,291,2
zen314/shadow,ТЌатЈўтїќ,0,0,529,2,529,2
zhaihaozhen/zero_fill,ТЌатЈўтїќ,0,0,40,2,40,2
zhangshun-123/factorial,ТЌатЈўтїќ,0,0,33,1,33,1
zhuguiyuan/eda-router,ТЌатЈўтїќ,0,0,487,2,487,2
ZijianFeng33/gs,ТЌатЈўтїќ,0,0,242,2,242,2
ZijianFeng33/range,ТЌатЈўтїќ,0,0,159,2,159,2
ZijianFeng33/regexp,ТЌатЈўтїќ,0,0,117,2,117,2
ZijianFeng33/strongPasswordChecker,ТЌатЈўтїќ,0,0,381,2,381,2
ZSeanYves/bufferutils,ТЌатЈўтїќ,0,0,776,1,776,1
ZSeanYves/MoonbitBSON,ТЌатЈўтїќ,0,0,708,1,708,1
ZSeanYves/MoonIDNA,ТЌатЈўтїќ,0,0,12162,1,12162,1
ZSeanYves/moonjinja,ТЌатЈўтїќ,0,0,2137,1,2137,1
ZSeanYves/SimplexNoise,ТЌатЈўтїќ,0,0,3085,1,3085,1
zxch3n/colored,ТЌатЈўтїќ,0,0,409,1,409,1
zxch3n/expect,ТЌатЈўтїќ,0,0,1319,1,1319,1