pkg_name,name,version,line_count,package_count
hello,lijunchen/hello,0.1.0,24,2
hello16,lijunchen/hello16,0.1.0,15,2
hello18,lijunchen/hello18,0.1.35,19,2
hello19,lijunchen/hello19,0.1.2,17,2
hello2,lijunchen/hello2,0.1.0,18,1
hello23,lijunchen/hello23,0.1.2,15,2
hello24,lijunchen/hello24,0.1.0,14,2
mooncake,lijunchen/mooncake,0.1.0,16,2
test_esp32,lijunchen/test_esp32,0.1.9,214,4
test_postadd,lijunchen/test_postadd,0.1.0,20,1
test_postadd2,lijunchen/test_postadd2,0.1.1,25,1
unstable_io,lijunchen/unstable_io,0.1.3,357,7
advent_of_code,peter-jerry-ye/advent_of_code,0.3.1-fix,254,2
assertion,peter-jerry-ye/assertion,0.2.1,283,1
async,peter-jerry-ye/async,0.2.1,938,4
canvas,peter-jerry-ye/canvas,0.7.0,1217,5
codex,peter-jerry-ye/codex,0.79.2,11526,26
io,peter-jerry-ye/io,0.3.4,601,2
json,peter-jerry-ye/json,0.4.0,374,1
mcp-server,peter-jerry-ye/mcp-server,0.3.5,1014,3
memory,peter-jerry-ye/memory,0.8.4,589,1
parse_args,peter-jerry-ye/parse_args,0.1.1,428,1
parser-combinator,peter-jerry-ye/parser-combinator,0.9.1,593,1
spin-imports,peter-jerry-ye/spin-imports,0.1.3,2852,10
utils,peter-jerry-ye/utils,0.4.3,1942,5
wasi,peter-jerry-ye/wasi,0.24.3,6826,15
wasi-imports,peter-jerry-ye/wasi-imports,0.1.5,9056,30
beautiful_mermaid,bobzhang/beautiful_mermaid,0.1.3,29664,3
codex_workflow,bobzhang/codex_workflow,0.1.0,2436,4
colors,bobzhang/colors,0.8.0,1678,2
flowgraph,bobzhang/flowgraph,0.1.0,1105,1
fuzzyscore,bobzhang/fuzzyscore,0.1.0,1223,2
ipaddr,bobzhang/ipaddr,0.1.0,379,2
lexer,bobzhang/lexer,0.1.2,599,1
liquid,bobzhang/liquid,0.1.0,3145,2
lisp_interpreter,bobzhang/lisp_interpreter,0.1.0,887,1
loop_invariants,bobzhang/loop_invariants,0.3.4,108188,188
mbtexcel,bobzhang/mbtexcel,0.1.3,96194,8
mbtpdf,bobzhang/mbtpdf,0.1.2,82073,50
moonjq,bobzhang/moonjq,0.1.0,10898,3
qrc,bobzhang/qrc,0.1.0,882,3
scheme-r6rs,bobzhang/scheme-r6rs,0.1.0,37370,6
sexp,bobzhang/sexp,0.1.1,33,1
tar,bobzhang/tar,0.1.0,538,2
testa,bobzhang/testa,0.1.0,16,2
testb,bobzhang/testb,0.1.0,24,2
toml,bobzhang/toml,0.1.7,10006,3
unmarshal,bobzhang/unmarshal,0.2.4,8861,3
uri,bobzhang/uri,0.1.0,606,1
uuidm,bobzhang/uuidm,0.1.0,2192,1
vg,bobzhang/vg,0.1.3,6383,6
zip,bobzhang/zip,0.1.0,17585,16
zipc,bobzhang/zipc,0.1.1,6456,6
amjson,tonyfettes/amjson,0.1.0,927,2
amtoml,tonyfettes/amtoml,0.1.0,1466,2
any,tonyfettes/any,0.1.5,358,1
assert,tonyfettes/assert,0.1.0,119,1
atomics,tonyfettes/atomics,0.1.0,183,2
base64,tonyfettes/base64,0.1.0,244,1
c,tonyfettes/c,0.7.4,5069,22
dl,tonyfettes/dl,0.1.1,149,1
dotenv,tonyfettes/dotenv,0.4.1,1379,1
encoding,tonyfettes/encoding,0.3.9,2233,1
insomnia,tonyfettes/insomnia,0.3.2,583,1
iter,tonyfettes/iter,0.1.3,10,1
js,tonyfettes/js,0.2.1,517,5
json,tonyfettes/json,0.4.2,3704,1
json_parser,tonyfettes/json_parser,0.1.0,1138,2
json_test_parser,tonyfettes/json_test_parser,0.1.0,861,2
lua,tonyfettes/lua,0.1.3,2734,4
malloc,tonyfettes/malloc,0.1.3,348,1
maria_json_parser,tonyfettes/maria_json_parser,0.1.0,1330,2
memory,tonyfettes/memory,0.2.5,1833,2
moonbit,tonyfettes/moonbit,0.2.0,64,2
moon-clib,tonyfettes/moon-clib,0.1.1,5208,11
moon-embed,tonyfettes/moon-embed,0.0.1,429,1
mua,tonyfettes/mua,0.1.1,951,1
narray,tonyfettes/narray,0.1.0,346,1
nat,tonyfettes/nat,0.1.1,1664,1
openai,tonyfettes/openai,0.1.1,2789,3
openssl,tonyfettes/openssl,0.2.3,290,1
ops,tonyfettes/ops,0.0.2,7,1
os,tonyfettes/os,0.1.0,395,2
path,tonyfettes/path,0.2.2,1354,1
pcre2,tonyfettes/pcre2,0.4.4,843,1
platform,tonyfettes/platform,0.1.0,56,1
small,tonyfettes/small,0.1.0,262,1
socket,tonyfettes/socket,0.1.2,371,5
ssl,tonyfettes/ssl,0.1.1,242,2
submodule-test,tonyfettes/submodule-test,0.1.1,27,2
tiktoken,tonyfettes/tiktoken,0.2.1,100493,2
toml_parser,tonyfettes/toml_parser,0.1.0,1195,2
torch,tonyfettes/torch,0.2.8,9999,20
tree-sitter,tonyfettes/tree-sitter,0.1.1,11,1
tree_sitter,tonyfettes/tree_sitter,0.4.5,7532,6
tree_sitter_c,tonyfettes/tree_sitter_c,0.1.16,36,1
tree_sitter_cpp,tonyfettes/tree_sitter_cpp,0.1.16,38,1
tree_sitter_css,tonyfettes/tree_sitter_css,0.1.16,38,1
tree_sitter_flow,tonyfettes/tree_sitter_flow,0.1.16,38,1
tree_sitter_go,tonyfettes/tree_sitter_go,0.1.16,36,1
tree_sitter_html,tonyfettes/tree_sitter_html,0.1.16,39,1
tree_sitter_java,tonyfettes/tree_sitter_java,0.1.16,36,1
tree_sitter_javascript,tonyfettes/tree_sitter_javascript,0.1.16,38,1
tree_sitter_json,tonyfettes/tree_sitter_json,0.1.16,36,1
tree_sitter_language,tonyfettes/tree_sitter_language,0.1.1,12,1
tree_sitter_markdown,tonyfettes/tree_sitter_markdown,0.1.16,38,1
tree_sitter_markdown_inline,tonyfettes/tree_sitter_markdown_inline,0.1.16,38,1
tree_sitter_moonbit,tonyfettes/tree_sitter_moonbit,0.1.22,38,1
tree_sitter_ocaml,tonyfettes/tree_sitter_ocaml,0.1.16,38,1
tree_sitter_ocaml_interface,tonyfettes/tree_sitter_ocaml_interface,0.1.16,38,1
tree_sitter_ocaml_type,tonyfettes/tree_sitter_ocaml_type,0.1.16,38,1
tree_sitter_python,tonyfettes/tree_sitter_python,0.1.16,38,1
tree_sitter_query,tonyfettes/tree_sitter_query,0.1.16,36,1
tree_sitter_rust,tonyfettes/tree_sitter_rust,0.1.16,38,1
tree_sitter_tsx,tonyfettes/tree_sitter_tsx,0.1.16,38,1
tree_sitter_typescript,tonyfettes/tree_sitter_typescript,0.1.16,38,1
tree_sitter_yaml,tonyfettes/tree_sitter_yaml,0.1.16,42,1
unicode,tonyfettes/unicode,0.3.0,11789,5
uri,tonyfettes/uri,0.1.0,848,1
url,tonyfettes/url,0.3.0,3360,1
utf8,tonyfettes/utf8,0.2.4,333,1
uv,tonyfettes/uv,0.12.12,13288,2
wasm,tonyfettes/wasm,0.1.3,703,3
webgpu,tonyfettes/webgpu,0.1.7,1626,1
wtf16,tonyfettes/wtf16,0.1.1,458,1
wtf8,tonyfettes/wtf8,0.1.2,330,1
cowsay,bzy-debug/cowsay,0.1.0,90,2
cowsay_lib,bzy-debug/cowsay_lib,0.1.0,82,1
hello,bzy-debug/hello,0.1.20240510+81e045f4e,24,2
json_parser,bzy-debug/json_parser,0.1.0,1070,1
string_zipper,bzy-debug/string_zipper,0.1.2,1575,1
text_document,bzy-debug/text_document,0.1.0,1213,1
codex_worfkow,Yu-zh/codex_worfkow,0.1.0,2436,4
either,Yu-zh/either,0.1.0,69,1
iterator,Yu-zh/iterator,0.1.0,524,2
sslist,Yu-zh/sslist,0.1.0,177,1
termbit,Yu-zh/termbit,0.1.1,236,1
tracing,Yu-zh/tracing,0.1.0,240,1
ArgParser,Yoorkin/ArgParser,0.2.1,213,1
format,Yoorkin/format,0.1.5,62,1
fuzzy_search,Yoorkin/fuzzy_search,0.1.1,249,1
hashtbl,Yoorkin/hashtbl,0.1.2,59,2
hello,Yoorkin/hello,0.1.3,33,2
jmop,Yoorkin/jmop,0.1.1,2187,2
logr_moonbit,Yoorkin/logr_moonbit,0.1.0,2508,1
prettyprinter,Yoorkin/prettyprinter,0.4.10,1655,2
rabbit-tea,Yoorkin/rabbit-tea,0.10.11,21568,18
splice,Yoorkin/splice,0.1.2,246,1
stack,Yoorkin/stack,0.1.4,75,1
trace,Yoorkin/trace,0.1.0,26,1
trie,Yoorkin/trie,0.2.10,132,1
uriparse,Yoorkin/uriparse,0.1.0,18503,2
vibecraft,Yoorkin/vibecraft,0.1.0,5011,2
webgen,Yoorkin/webgen,0.1.1,2887,1
webidl,Yoorkin/webidl,0.2.2,13276,4
hello,wangziling/hello,0.0.1,19,2
mooncake,lucifer1004/mooncake,0.1.0,19,2
hello,tmkx/hello,0.0.0,24,2
mmhttp,fantix/mmhttp,0.3.0,11704,3
muts,fantix/muts,0.5.4,1957,6
dregex,Guest0x0/dregex,0.2.5,420,1
HAMT,Guest0x0/HAMT,0.2.1,273,1
hello,li/hello,0.1.0,23,2
aegis,bob/aegis,0.1.0,1126,2
hashbrown,bob/hashbrown,0.1.0,1549,3
lexer,bob/lexer,0.1.0,244,1
toml,bob/toml,0.1.6,7656,3
arduino,moonbitlang/arduino,0.0.8,1043,4
async,moonbitlang/async,0.16.6,28679,42
core,moonbitlang/core,0.1.20260210+bd827dc85,139497,66
dummy_abort,moonbitlang/dummy_abort,0.2.0,20,2
esp32,moonbitlang/esp32,0.1.19,797,8
formatter,moonbitlang/formatter,0.1.2,4451,6
json_deriving,moonbitlang/json_deriving,0.1.2,1882,4
json_deriving_codegen,moonbitlang/json_deriving_codegen,0.0.2,1188,1
lex,moonbitlang/lex,0.3.9,8652,20
lex-runtime,moonbitlang/lex-runtime,0.1.3,255,2
mbt-lexer,moonbitlang/mbt-lexer,0.0.1,1460,1
mbt_lexer,moonbitlang/mbt_lexer,0.1.13,5526,2
parser,moonbitlang/parser,0.1.16,149607,16
protobuf,moonbitlang/protobuf,0.1.1,1449,1
quickcheck,moonbitlang/quickcheck,0.9.10,3712,7
regexp,moonbitlang/regexp,0.3.5,12052,5
std,moonbitlang/std,0.1.0,99,1
ulex,moonbitlang/ulex,0.3.26,9873,31
ulex-runtime,moonbitlang/ulex-runtime,0.4.3,131,1
wasm4,moonbitlang/wasm4,0.2.9,813,1
x,moonbitlang/x,0.4.40,22528,23
yacc,moonbitlang/yacc,0.7.9,51981,29
test,Young-Flash/test,0.2.0,25,2
test_ignore,Young-Flash/test_ignore,0.2.0,25,2
test_publish,Young-Flash/test_publish,0.2.0,25,2
try_publish,Young-Flash/try_publish,0.1.6,25,2
alg-pattern,CAIMEOX/alg-pattern,0.1.0,465,1
box,CAIMEOX/box,0.1.2,807,1
color,CAIMEOX/color,0.1.0,1086,1
diet,CAIMEOX/diet,0.1.3,1117,1
evmasm,CAIMEOX/evmasm,0.1.0,5713,1
feat-moon,CAIMEOX/feat-moon,0.2.0,484,1
fenwick,CAIMEOX/fenwick,0.1.1,641,1
functor,CAIMEOX/functor,0.1.1,203,6
graph-algebra,CAIMEOX/graph-algebra,0.1.5,488,1
lazy,CAIMEOX/lazy,0.1.0,125,1
lazy-list,CAIMEOX/lazy-list,0.1.2,597,1
list,CAIMEOX/list,0.1.0,740,2
midi,CAIMEOX/midi,0.1.0,4090,2
moon_egg,CAIMEOX/moon_egg,0.1.0,4168,1
moon_floating,CAIMEOX/moon_floating,0.2.0,14770,8
qc_pyext,CAIMEOX/qc_pyext,0.1.1,598,1
quickcheck,CAIMEOX/quickcheck,0.6.9,3421,7
reed_solomon,CAIMEOX/reed_solomon,0.1.0,864,1
state,CAIMEOX/state,0.1.1,335,1
svg,CAIMEOX/svg,0.1.2,1497,1
symbit,CAIMEOX/symbit,0.1.6,100877,53
t,CAIMEOX/t,0.1.0,215,1
vlq,CAIMEOX/vlq,0.1.0,241,1
zipper,CAIMEOX/zipper,0.1.0,257,1
ÂéüÊù•ÂèØ‰ª•Âèë‰∏≠ÊñáÂåÖ,CAIMEOX/ÂéüÊù•ÂèØ‰ª•Âèë‰∏≠ÊñáÂåÖ,0.1.1,17,1
base64,PerfectPan/base64,0.1.1,255,1
colored,zxch3n/colored,0.2.0,409,1
expect,zxch3n/expect,0.6.2,1319,1
caterfoil,tiye/caterfoil,0.0.2,2580,2
cirru-edn,tiye/cirru-edn,0.2.2,1117,2
cirru-parser,tiye/cirru-parser,0.2.1,1241,2
dom-ffi,tiye/dom-ffi,0.2.3,2395,2
lexicon-fractional-index,tiye/lexicon-fractional-index,0.0.4,957,2
preact,tiye/preact,0.0.1-a3,3007,2
quaternion,tiye/quaternion,0.1.2,1076,1
react,tiye/react,0.0.3,3112,2
respo,tiye/respo,0.3.0,7064,4
respo_css,tiye/respo_css,0.1.5,4849,2
respo-markdown,tiye/respo-markdown,0.1.3,1479,3
respo-router,tiye/respo-router,0.0.1,456,2
common,hackwaly/common,0.1.24,1320,12
easing,hackwaly/easing,0.1.0,999,2
find_cluster_break,hackwaly/find_cluster_break,0.1.2,629,2
moonyacc,hackwaly/moonyacc,0.3.1,12650,17
msgpack,hackwaly/msgpack,0.1.0,1143,2
pem,hackwaly/pem,0.1.2,1306,1
regex,hackwaly/regex,0.0.1,4857,9
nanoid,hustcer/nanoid,0.2.3,1949,2
biblatex,Lampese/biblatex,0.1.0,1714,2
lomo,Lampese/lomo,0.0.5,26092,10
MCIL,Lampese/MCIL,0.1.1,18534,4
mitest,Lampese/mitest,0.1.1,23,2
moonbead,Lampese/moonbead,0.1.3,1561,2
moonbit-chalk,Lampese/moonbit-chalk,0.5.0,172,1
mooncakes_protocol,Lampese/mooncakes_protocol,0.1.0,1654,1
moondata,Lampese/moondata,0.2.8,1165,1
moondata2,Lampese/moondata2,0.0.2,335,1
punycode,chawyehsu/punycode,0.0.5,378,1
sparse-table,DawnMagnet/sparse-table,0.1.1,172,2
llhttp,yj-qin/llhttp,0.1.1,1376,1
moonlox,yj-qin/moonlox,0.1.0,2551,2
regexp,yj-qin/regexp,0.3.6,4348,1
moonorm,summer-boythink/moonorm,0.1.0,34,3
test,lynzrand/test,0.4.16,11,1
aegis,jedisct1/aegis,0.2.1,1131,2
core-extra,loneoutpost/core-extra,0.0.6,926,3
ast_printer,mizchi/ast_printer,0.2.2,2556,1
bit,mizchi/bit,0.17.1,97973,33
bitflow,mizchi/bitflow,0.3.1,13869,5
blas,mizchi/blas,0.1.2,1219,2
cbor,mizchi/cbor,0.1.1,1323,2
cloudflare,mizchi/cloudflare,0.1.8,6210,3
codegen,mizchi/codegen,0.2.3,7115,5
converge,mizchi/converge,0.1.8,6495,12
crater,mizchi/crater,0.4.4,106554,39
crdt_db,mizchi/crdt_db,0.1.1,5786,11
cst,mizchi/cst,0.1.4,2508,4
discord,mizchi/discord,0.1.1,1666,3
flatbuffers,mizchi/flatbuffers,0.1.3,10671,3
font,mizchi/font,0.1.2,1112,2
git,mizchi/git,0.2.0,53603,9
js,mizchi/js,0.10.14,78307,112
js_io,mizchi/js_io,0.1.1,170,2
json,mizchi/json,0.4.0,191,1
jsonschema,mizchi/jsonschema,0.4.3,6617,6
js_regexp,mizchi/js_regexp,0.0.4,145,2
lib,mizchi/lib,0.1.2,118,2
libgit2,mizchi/libgit2,0.1.0,2525,4
libjit,mizchi/libjit,0.1.1,9787,3
llm,mizchi/llm,0.2.2,7450,8
lsp,mizchi/lsp,0.1.2,28260,7
luna,mizchi/luna,0.12.3,63268,60
markdown,mizchi/markdown,0.4.7,21747,14
mars,mizchi/mars,0.3.6,14497,11
mbts,mizchi/mbts,0.0.3,12071,9
moomaid,mizchi/moomaid,0.1.1,3203,4
moon_component,mizchi/moon_component,0.3.2,13986,35
moon-install,mizchi/moon-install,0.1.1,1006,2
moonix,mizchi/moonix,0.2.0,16216,20
moonlight,mizchi/moonlight,0.1.2,29907,19
mwac,mizchi/mwac,0.1.5,9887,15
nn,mizchi/nn,0.1.3,23065,9
nom,mizchi/nom,0.1.2,3433,3
npm_typed,mizchi/npm_typed,0.1.11,83306,103
numbt,mizchi/numbt,0.2.2,4602,1
oci_wasm,mizchi/oci_wasm,0.5.0,2061,7
pixelmatch,mizchi/pixelmatch,0.3.4,2189,1
playwright,mizchi/playwright,0.2.2,7716,4
process_pool,mizchi/process_pool,0.1.3,1162,2
protocol,mizchi/protocol,0.0.5,803,2
ripple,mizchi/ripple,0.1.2,4575,2
sandbox,mizchi/sandbox,0.1.1,66259,81
semver,mizchi/semver,0.1.1,1661,4
signals,mizchi/signals,0.6.3,4947,2
similarity,mizchi/similarity,0.2.0,2663,5
sol,mizchi/sol,0.5.2,57554,47
sqlc_gen_moonbit,mizchi/sqlc_gen_moonbit,0.1.1,24540,30
sqlite,mizchi/sqlite,0.2.3,2232,1
starlint,mizchi/starlint,0.9.0,17495,7
svg,mizchi/svg,0.1.8,23447,2
syntree,mizchi/syntree,0.2.3,29888,34
tempfile,mizchi/tempfile,0.1.2,496,2
tmgrammar,mizchi/tmgrammar,0.1.0,72806,42
ts,mizchi/ts,0.1.2,72195,8
tui,mizchi/tui,0.6.0,35917,34
wasi,mizchi/wasi,0.1.2,3654,28
wasi_interface,mizchi/wasi_interface,0.3.0,3605,3
wasmtime,mizchi/wasmtime,0.1.5,2680,4
wasmx,mizchi/wasmx,0.1.1,52280,12
webdriver,mizchi/webdriver,0.2.3,4894,1
webdriver.mbt,mizchi/webdriver.mbt,0.1.0,1848,1
whenwords,mizchi/whenwords,0.1.3,1058,2
wit,mizchi/wit,0.2.0,4156,2
wite,mizchi/wite,0.3.0,37425,15
wit.mbt,mizchi/wit.mbt,0.1.0,9141,47
zlib,mizchi/zlib,0.3.3,2218,2
postgres,mattn/postgres,0.10.4,562,1
eczn-utils,eczn/eczn-utils,0.2.0,50,1
assets,oboard/assets,0.1.1,182,1
base16384,oboard/base16384,0.1.2,284,1
mimetype,oboard/mimetype,0.1.9,1158,2
mio,oboard/mio,0.4.3,948,2
mocket,oboard/mocket,0.6.7,5442,11
moonbit-eval,oboard/moonbit-eval,0.8.17,53193,5
mooncrypto,oboard/mooncrypto,0.1.8,1010,2
moonetx,oboard/moonetx,0.1.8,1323,1
morm,oboard/morm,0.1.6,3129,6
numoon,oboard/numoon,0.4.1,1332,2
readline,oboard/readline,0.1.6,342,2
redis,oboard/redis,0.1.3,5222,1
stdout,oboard/stdout,0.1.1,154,1
weatherquery,oboard/weatherquery,0.1.1,81,1
schema,YumeCross/schema,0.4.3,1721,2
b2,gmlewis/b2,0.34.28,568,1
base64,gmlewis/base64,0.16.2,937,2
crc32,gmlewis/crc32,0.8.16,207,1
flate,gmlewis/flate,0.36.2,4351,3
fonts,gmlewis/fonts,0.19.3,13382,19
fonts-a,gmlewis/fonts-a,0.19.3,292358,61
fonts-b,gmlewis/fonts-b,0.19.3,45648,12
fonts-c,gmlewis/fonts-c,0.19.3,172588,32
fonts-d,gmlewis/fonts-d,0.19.3,46288,12
fonts-e,gmlewis/fonts-e,0.19.3,242238,19
fonts-f,gmlewis/fonts-f,0.19.3,792619,52
fonts-g,gmlewis/fonts-g,0.19.3,31668,15
fonts-h,gmlewis/fonts-h,0.19.3,14588,8
fonts-i,gmlewis/fonts-i,0.19.3,16848,10
fonts-j,gmlewis/fonts-j,0.19.3,82768,19
fonts-k,gmlewis/fonts-k,0.19.3,38348,11
fonts-l,gmlewis/fonts-l,0.19.3,145418,39
fonts-m,gmlewis/fonts-m,0.19.3,279308,39
fonts-n,gmlewis/fonts-n,0.19.3,554768,21
fonts-o,gmlewis/fonts-o,0.19.3,483308,62
fonts-p,gmlewis/fonts-p,0.19.3,426178,42
fonts-q,gmlewis/fonts-q,0.19.3,2428,1
fonts-r,gmlewis/fonts-r,0.19.3,156548,30
fonts-s,gmlewis/fonts-s,0.19.3,194368,57
fonts-t,gmlewis/fonts-t,0.19.3,78118,30
fonts-u,gmlewis/fonts-u,0.19.3,97288,9
fonts-v,gmlewis/fonts-v,0.19.3,18548,11
fonts-w,gmlewis/fonts-w,0.19.3,12578,7
fonts-y,gmlewis/fonts-y,0.19.3,20708,6
fonts-z,gmlewis/fonts-z,0.19.3,22338,4
gzip,gmlewis/gzip,0.34.2,1443,1
hash,gmlewis/hash,0.20.2,796,3
image,gmlewis/image,0.17.2,9733,5
io,gmlewis/io,0.23.2,3535,1
json,gmlewis/json,0.15.0,249,1
jsonrpc2,gmlewis/jsonrpc2,0.0.26,1363,1
jsonutil,gmlewis/jsonutil,0.24.0,310,1
md5,gmlewis/md5,0.19.25,422,1
modus,gmlewis/modus,0.16.5,17723,74
moonbit-pdk,gmlewis/moonbit-pdk,0.47.22,1065,12
sha1,gmlewis/sha1,0.12.2,422,1
sha256,gmlewis/sha256,0.17.23,512,1
spin-moonbit-sdk,gmlewis/spin-moonbit-sdk,0.54.12,13005,46
step,gmlewis/step,0.1.7,26008,52
zlib,gmlewis/zlib,0.21.2,703,1
onebit-tui,Frank-III/onebit-tui,0.1.3,8004,7
onebit-yoga,Frank-III/onebit-yoga,0.2.6,2491,4
js,moonbit-js-ffi/js,0.2.0,1160,2
easy,enjoecn/easy,0.1.0,93,3
gb,enjoecn/gb,0.1.1,390,2
md5,Howardzhangdqs/md5,0.9.3,287,2
casefold,myfreess/casefold,0.1.3,2067,1
charclass,myfreess/charclass,0.1.3,318,1
lums,myfreess/lums,0.1.1,218,1
myers-diff,myfreess/myers-diff,0.1.0,414,2
piediff,myfreess/piediff,0.0.4,2273,4
rope,myfreess/rope,0.1.1,1458,1
sqlite3,myfreess/sqlite3,0.1.1,532,2
text,myfreess/text,0.1.0,1514,1
unicode_data,myfreess/unicode_data,0.1.1,30812,2
yaml,myfreess/yaml,0.1.0,3915,1
dapr,yamajik/dapr,0.1.11,138,1
wasi,yamajik/wasi,0.1.25,1458,4
wasi-bindings,yamajik/wasi-bindings,0.2.1,8887,34
moonbit-pdk,extism/moonbit-pdk,0.47.12,1165,12
minimoonbit-courses,moonbit-courses/minimoonbit-courses,0.1.0,112,1
hello,yangqing/hello,0.2.2,29,2
DataProc,zdu881/DataProc,0.1.0,143,1
webmocket,zdu881/webmocket,0.1.0,291,2
algorithm,chhnb/algorithm,0.1.0,255,4
zero_fill,zhaihaozhen/zero_fill,0.1.2,40,2
encoding,A-23187/encoding,0.1.0,756,3
qt-gui,WilliamZ1008/qt-gui,0.1.1,44,1
qtgui,WilliamZ1008/qtgui,0.1.7,1601,1
moontest,wstreet/moontest,0.1.0,26,2
Learn_Test1,jankin_li/Learn_Test1,0.1.0,25,2
new_lib,jankin_li/new_lib,0.1.0,25,2
btoi,justjavac/btoi,0.1.6,895,1
bytesize,justjavac/bytesize,0.1.1,658,1
cache_padded,justjavac/cache_padded,0.1.0,1440,1
case,justjavac/case,0.1.5,1373,1
core_affinity,justjavac/core_affinity,0.1.0,389,2
ffi,justjavac/ffi,0.1.12,443,1
glob,justjavac/glob,0.1.2,523,1
itoa,justjavac/itoa,0.1.1,658,1
num_cpus,justjavac/num_cpus,0.1.4,242,2
webview,justjavac/webview,0.1.10,1261,17
win32_messagebox,justjavac/win32_messagebox,0.1.1,216,1
datetime,suiyunonghen/datetime,0.1.6,874,1
linklist,suiyunonghen/linklist,0.1.7,908,1
moonvalue,suiyunonghen/moonvalue,0.1.14,4366,1
wasmMemManager,suiyunonghen/wasmMemManager,0.1.3,1073,1
cmark,rami3l/cmark,0.4.0,30202,7
js-ffi,rami3l/js-ffi,0.4.0,1278,1
unicodewidth,rami3l/unicodewidth,0.2.0,25282,1
version,rami3l/version,0.1.0,3162,2
coreutils,five-nuts/coreutils,0.1.3,274,4
diff,ruifeng/diff,0.2.1,2203,2
moondsa,ruifeng/moondsa,0.2.1,5202,1
XMLParser,ruifeng/XMLParser,0.2.6,4093,2
linalg,xunyoyo/linalg,0.2.7,1772,2
NyaCSV,xunyoyo/NyaCSV,0.3.3,900,1
NyaSearch,xunyoyo/NyaSearch,0.1.0,500,1
permutation,xunyoyo/permutation,0.1.3,209,4
Permutation,xunyoyo/Permutation,0.1.1,216,4
prime,kokic/prime,0.1.4,495,1
json,jinser/json,0.0.1,551,2
baby,jumpping/baby,0.2.0,4270,6
Binary-Exponentiation,CMoonBack/Binary-Exponentiation,0.1.0,102,2
computational-geometry,CMoonBack/computational-geometry,0.2.3,3272,3
string-Algorithm,CMoonBack/string-Algorithm,0.1.0,104,3
moon-axe-tools,kinoamyfx/moon-axe-tools,0.0.1-SNAPSHOT,25,2
chungshan,SyoujyoujiNaiki/chungshan,0.2.0,459,2
oops,SyoujyoujiNaiki/oops,0.1.0,2396,2
either,Kaida-Amethyst/either,0.1.0,1168,1
godot,Kaida-Amethyst/godot,0.1.0,6040,1
llvm,Kaida-Amethyst/llvm,0.2.3,37464,4
math,Kaida-Amethyst/math,0.1.20,15064,1
matplotlib,Kaida-Amethyst/matplotlib,0.1.2,1237,1
mbtcc,Kaida-Amethyst/mbtcc,0.1.0,26861,8
mbtsmith,Kaida-Amethyst/mbtsmith,0.1.4,3244,2
moonbit-math,Kaida-Amethyst/moonbit-math,0.1.14,12657,2
MoonLLVM,Kaida-Amethyst/MoonLLVM,0.1.16,38352,8
MoonMIR,Kaida-Amethyst/MoonMIR,0.1.2,15451,3
openblas,Kaida-Amethyst/openblas,0.1.3,66273,2
path,Kaida-Amethyst/path,0.1.1,745,1
python,Kaida-Amethyst/python,0.1.7,6464,7
sdl3,Kaida-Amethyst/sdl3,0.1.0,18709,3
hello,PegasusPlusUS/hello,0.1.0,341,2
Bits,BigOrangeQWQ/Bits,0.1.0,1419,2
fmt,BigOrangeQWQ/fmt,0.2.0,910,1
ImmuntableMultiSet,BigOrangeQWQ/ImmuntableMultiSet,0.1.0,652,1
immunt_multiset,BigOrangeQWQ/immunt_multiset,0.1.2,680,1
immut_multiset,BigOrangeQWQ/immut_multiset,0.1.5,1881,2
ryu,BigOrangeQWQ/ryu,0.1.1,5738,1
unification_table,BigOrangeQWQ/unification_table,0.1.2,2250,4
uri,BigOrangeQWQ/uri,0.1.0,2968,1
wasi-cli,BigOrangeQWQ/wasi-cli,0.2.6,270,12
wasi-clocks,BigOrangeQWQ/wasi-clocks,0.2.6,93,2
wasi-filesystem,BigOrangeQWQ/wasi-filesystem,0.2.6,1560,2
wasi-io,BigOrangeQWQ/wasi-io,0.2.6,807,3
wasi-random,BigOrangeQWQ/wasi-random,0.2.6,111,3
wasi-sockets,BigOrangeQWQ/wasi-sockets,0.2.6,2399,7
wit-ffi,BigOrangeQWQ/wit-ffi,0.1.0,175,1
wit-wasi-clocks,BigOrangeQWQ/wit-wasi-clocks,0.2.6,117,2
wit-wasi-io,BigOrangeQWQ/wit-wasi-io,0.2.6,838,4
wit-wasi-random,BigOrangeQWQ/wit-wasi-random,0.2.6,111,3
autodiff,FlyCloudC/autodiff,0.1.2,367,2
GJK,FlyCloudC/GJK,0.1.1,281,1
mgraph,FlyCloudC/mgraph,0.1.4,283,1
miniKanren,FlyCloudC/miniKanren,0.1.7,536,1
scheme,FlyCloudC/scheme,0.5.0,1777,3
NetworkX,smallbearrr/NetworkX,0.1.4,1907,1
pandas,smallbearrr/pandas,0.7.1,6324,2
assembler,AdUhTkJm/assembler,0.1.1,431,1
bitviewer,AdUhTkJm/bitviewer,0.1.10,794,2
moonc,AdUhTkJm/moonc,0.2.16,5829,5
nummoon,AdUhTkJm/nummoon,0.2.3,1134,1
sat-solver,AdUhTkJm/sat-solver,0.1.2,2627,2
u8str,AdUhTkJm/u8str,0.1.5,279,1
wasmtools,AdUhTkJm/wasmtools,0.1.0,502,1
BloomierFilter,kesmeey/BloomierFilter,0.1.0,1027,1
fmt,kesmeey/fmt,0.1.9,1046,1
immut_BitVector,kesmeey/immut_BitVector,0.1.2,1051,1
immut_IntervalTree,kesmeey/immut_IntervalTree,0.1.0,2217,1
IndexMap,kesmeey/IndexMap,0.1.9,2245,1
IndexSet,kesmeey/IndexSet,0.1.6,1254,1
IntervalTree,kesmeey/IntervalTree,0.1.3,1319,1
RoaringBitmap,kesmeey/RoaringBitmap,0.1.0,3265,1
tools,kesmeey/tools,0.1.9,3100,2
unicodeUtil,kesmeey/unicodeUtil,0.2.3,2337,2
calculus-numerical,KCN-judu/calculus-numerical,0.3.1,20,0
err_marker,KCN-judu/err_marker,0.1.2,270,1
lambda,KCN-judu/lambda,0.1.1,296,2
linear-algebra,KCN-judu/linear-algebra,0.3.1,11,0
luna-complex,KCN-judu/luna-complex,0.3.1,11,0
luna-utils,KCN-judu/luna-utils,0.3.1,11,0
type_unification,KCN-judu/type_unification,0.1.3,260,1
nanoid,ledao/nanoid,0.1.1,84,2
parsem,yoshitsugu/parsem,0.0.4,642,1
lru_cache,liuly0322/lru_cache,0.1.0,121,1
tch_mbt,liuly0322/tch_mbt,0.2.0,868,2
t1,chensuiyi/t1,0.0.2,9,0
üê´,illusory0x0/üê´,0.1.0,25,2
adapton,illusory0x0/adapton,0.1.4,471,1
base,illusory0x0/base,0.2.1,11,1
case_conv,illusory0x0/case_conv,0.1.0,948,1
clang,illusory0x0/clang,0.1.1,2412,3
clone,illusory0x0/clone,0.1.0,453,1
coerce,illusory0x0/coerce,0.1.1,11,1
color,illusory0x0/color,0.2.3,459,1
conv,illusory0x0/conv,0.1.2,11,1
fmt,illusory0x0/fmt,0.4.1,2892,3
fun,illusory0x0/fun,0.3.0,7,1
fuzzy_match,illusory0x0/fuzzy_match,0.2.5,571,1
graphviz,illusory0x0/graphviz,0.1.2,155,1
immut_deque,illusory0x0/immut_deque,0.3.4,1083,1
inspect,illusory0x0/inspect,0.1.1,636,1
intrinsic,illusory0x0/intrinsic,0.1.0,110,2
jcore,illusory0x0/jcore,0.1.1,2366,1
lazy,illusory0x0/lazy,0.1.4,682,1
lexer,illusory0x0/lexer,0.2.0,7087,4
memory,illusory0x0/memory,0.1.2,1161,1
moonbit-wasm-nodejs-ts-template,illusory0x0/moonbit-wasm-nodejs-ts-template,0.1.0,19,1
moonbit-wasm-vite-ts-template,illusory0x0/moonbit-wasm-vite-ts-template,0.1.0,19,1
native,illusory0x0/native,0.2.1,695,1
parserc,illusory0x0/parserc,0.1.5,613,1
path,illusory0x0/path,0.2.0,1568,1
posix,illusory0x0/posix,0.2.2,3718,50
prettyprinter,illusory0x0/prettyprinter,0.1.1,421,1
printer,illusory0x0/printer,0.1.1,2609,1
qpainter,illusory0x0/qpainter,0.3.1,1921,2
quote,illusory0x0/quote,0.2.0,1195,1
rijndael,illusory0x0/rijndael,0.1.0,2057,2
ryu,illusory0x0/ryu,0.1.1,2133,1
simple_parserc,illusory0x0/simple_parserc,0.2.2,966,1
string_of_bytes,illusory0x0/string_of_bytes,0.1.0,806,1
ctf_tools,hanstechnow/ctf_tools,0.1.0,93,3
shared-lib,yuyi919/shared-lib,0.1.8,9773,9
easy-io,Erolaffy/easy-io,0.1.0,26,2
easyio,Erolaffy/easyio,0.2.1,211,1
hello,Tianci-King/hello,0.2.0,36,2
median,Tianci-King/median,0.3.0,29,1
find_max,shiheat/find_max,0.3.0,25,1
i18n,remain11/i18n,0.1.0,52,3
complex,justjoheinz/complex,0.4.0,164,1
iso-country,justjoheinz/iso-country,0.1.3,3412,1
check_prime,chronostesis/check_prime,0.1.0,42,2
Sort,Refined_heart/Sort,0.1.0,60,2
string2int,wwj1203/string2int,0.1.0,33,1
eda-router,zhuguiyuan/eda-router,0.1.3,487,2
hello,buggg-hfc/hello,0.1.1,83,3
moonpassword,GMH233/moonpassword,0.1.0,113,2
hello,xavier865/hello,0.2.2,65,2
sqrt,WenqiChen3019/sqrt,0.1.4,44,2
Calculator,sjzbxhsj/Calculator,0.1.0,46,1
format,YumeXi/format,0.3.10,1856,4
iter,YumeXi/iter,0.2.8,735,1
Laurus,Mepy/Laurus,0.2.2,15557,7
MoonStats,structuraBlock/MoonStats,0.3.0,328,2
elk,0Ayachi0/elk,0.1.0,3137,1
GB18030,0Ayachi0/GB18030,0.1.0,2543,1
math,0Ayachi0/math,0.1.0,821,3
SwissTable,0Ayachi0/SwissTable,0.1.0,1029,1
compare,wjy030522/compare,0.1.0,53,2
hello,wjy030522/hello,0.1.0,25,2
line_sort,wangjuwudi/line_sort,0.1.0,155,1
base32,yyjeqhc/base32,0.1.0,317,2
imgui,wzzc-dev/imgui,0.1.0,499,2
teager,wzzc-dev/teager,0.1.0,28,2
webview-ffi,wzzc-dev/webview-ffi,0.1.1,148,3
webview-mbt-demo,wzzc-dev/webview-mbt-demo,0.1.0,45,2
calculus-numerical,Luna-Flow/calculus-numerical,0.3.1,2379,5
linear-algebra,Luna-Flow/linear-algebra,0.2.9,16648,4
luna-complex,Luna-Flow/luna-complex,0.1.0-alpha-4,1047,1
luna-generic,Luna-Flow/luna-generic,0.2.2,147,1
luna-poly,Luna-Flow/luna-poly,0.1.2-beta-1,1636,1
luna-utils,Luna-Flow/luna-utils,0.1.1,458,1
quaternion,Luna-Flow/quaternion,0.1.3,702,1
stella,Luna-Flow/stella,0.1.2,916,1
suffix-array,rabbyte/suffix-array,0.1.0,665,1
factorial,zhangshun-123/factorial,0.1.0,33,1
hello,locing112/hello,0.1.6,63,2
moonbit-hello-card,cyhforlight/moonbit-hello-card,0.1.0,25,2
hello,lyf597/hello,0.1.0,25,2
find_min,BigThree33/find_min,0.1.0,37,2
Binary-Indexed-Tree,yueTc/Binary-Indexed-Tree,0.1.1,58,2
isprime,GreyIcesea/isprime,0.1.0,41,1
hello,my-xn/hello,0.1.0,25,2
find_max,Ljw030710/find_max,0.1.0,25,1
find_min_num,luolingkan/find_min_num,0.1.0,25,1
base16,LI7282/base16,0.1.0,82,2
fkshz,JPLovever/fkshz,0.1.0,19,1
Deque,Jtian-t/Deque,0.1.0,268,1
mbt_LIB,nanlingyin/mbt_LIB,0.1.0,18,1
lib_mbt,202306123/lib_mbt,0.1.0,15,1
minmax,yanyeting/minmax,0.1.0,33,2
digit-insert,littleotherut/digit-insert,0.1.1,55,2
clap,TheWaWaR/clap,0.2.6,1344,1
lunar,TheWaWaR/lunar,0.1.0,1721,3
hello,Lalenture/hello,0.1.0,19,2
dongyx,dongyvxuan/dongyx,0.1.1,33,2
hello,yxsql74/hello,0.1.0,25,2
moos-sdk,furesoft/moos-sdk,0.1.43,958,2
rope,HeChTo/rope,0.1.0,127,1
hello,hachi/hello,0.1.0,25,2
sort,hachi/sort,0.1.12,20,1
fwshz,2459822546/fwshz,0.1.0,11,1
hello,orangenin/hello,0.1.0,25,2
Near-Jungnune,Near-Jungnune/Near-Jungnune,0.1.0,12,1
MATH,Kilig/MATH,0.1.1,39,2
fluorescence,hanbings/fluorescence,0.1.1,181,4
dotenv,ShellWen/dotenv,0.6.1,1379,1
dotenv-mbt,ShellWen/dotenv-mbt,0.9.9,12,0
lru_cache,ShellWen/lru_cache,0.1.0,211,1
sw_ini,ShellWen/sw_ini,0.2.0,1404,1
sw_router,ShellWen/sw_router,0.2.0,589,1
sw_socket,ShellWen/sw_socket,0.2.0,983,6
hello,TianZaiShuiZhong/hello,0.1.0,25,2
mooncake_hello,FreeFoots/mooncake_hello,0.1.0,28,2
sqrt,misika727/sqrt,0.1.0,63,2
Autumn_frame,PingGuoMiaoMiao/Autumn_frame,0.1.0,14303,24
hello,PingGuoMiaoMiao/hello,0.1.0,25,2
LunarKeccak256,PingGuoMiaoMiao/LunarKeccak256,0.1.3,1023,2
mooncove,PingGuoMiaoMiao/mooncove,0.1.0,1413,2
xing0818,xing0818/xing0818,0.1.0,15,1
yhsz,YHSZ-ONEC/yhsz,0.1.0,12,1
djisnj,djisnj/djisnj,0.1.0,16,1
Eunoiay,Eunoiay/Eunoiay,0.1.0,13,1
hello,baobolong/hello,0.1.0,25,2
newcake_ls,NerdyLee/newcake_ls,0.1.1,48,2
QZL-max,QZL-max/QZL-max,0.1.0,12,1
hello,SeisanSoda/hello,0.1.0,26,2
alg,pai2shub/alg,0.1.3,976,38
uuidv4,Nyuudoukumo/uuidv4,0.2.0,141,1
aoko,hzqdf/aoko,0.0.20250321,20,0
sum-calc,hzqdf/sum-calc,0.0.20250321,19,1
SemVer,Seedking/SemVer,0.1.0,608,1
bzip2,MINGtoMING/bzip2,0.0.0,137,1
datetime,MINGtoMING/datetime,0.1.0,531,1
simdstring,MINGtoMING/simdstring,0.2.0,289,3
examine,Penguinsltp/examine,0.1.0,66,2
gif_decoder,Penguinsltp/gif_decoder,0.1.1,1508,3
gamepad,Milky2018/gamepad,0.3.23,5941,1
guardch,Milky2018/guardch,0.1.0,72,1
html,Milky2018/html,0.1.2,89678,3
mgstudio,Milky2018/mgstudio,0.1.2,33591,49
moon_accesskit,Milky2018/moon_accesskit,0.2.1,19019,4
moonchor,Milky2018/moonchor,0.18.0,3803,13
moon_cosmic,Milky2018/moon_cosmic,0.1.1,25532,2
moon_cpal,Milky2018/moon_cpal,0.10.9,17365,18
moon_dagre,Milky2018/moon_dagre,0.1.0,11234,3
moonlight,Milky2018/moonlight,0.1.0,131,5
moonplant,Milky2018/moonplant,0.3.1,858,2
moon_rapier,Milky2018/moon_rapier,0.2.5,102662,12
moon_skrifa,Milky2018/moon_skrifa,0.1.3,46194,3
moon_swash,Milky2018/moon_swash,0.1.2,67270,8
moon_taffy,Milky2018/moon_taffy,0.2.0,57409,2
moon_yazi,Milky2018/moon_yazi,0.1.0,3593,1
moon_zeno,Milky2018/moon_zeno,0.1.0,6338,1
options,Milky2018/options,0.1.2,328,1
pthread,Milky2018/pthread,0.1.0,1854,1
pug,Milky2018/pug,0.1.1,10601,2
selene,Milky2018/selene,0.19.4,6474,17
selene-canvas,Milky2018/selene-canvas,0.19.4,597,1
sqlparser,Milky2018/sqlparser,0.5.0,14669,2
toolkit,Milky2018/toolkit,0.1.4,28,1
wasmoon,Milky2018/wasmoon,0.3.5,202288,34
wgpu_mbt,Milky2018/wgpu_mbt,0.8.0,30618,7
xml,Milky2018/xml,0.2.0,12989,1
bufferutils,ZSeanYves/bufferutils,0.2.5,776,1
MoonbitBSON,ZSeanYves/MoonbitBSON,0.1.0,708,1
MoonIDNA,ZSeanYves/MoonIDNA,0.1.0,12162,1
moonjinja,ZSeanYves/moonjinja,0.1.1,2137,1
SimplexNoise,ZSeanYves/SimplexNoise,0.1.0,3085,1
event-graph-walker,dowdiness/event-graph-walker,0.1.0,10354,7
ffi_c,dowdiness/ffi_c,0.1.1,1632,2
incr,dowdiness/incr,0.3.0,2394,1
js_engine,dowdiness/js_engine,0.1.0,27583,8
cstdio-ffi,Bemly/cstdio-ffi,0.0.0,720,2
mcp,colmugx/mcp,0.5.2,3767,9
reader,colmugx/reader,0.3.0,228,1
Introsort,pzl-love/Introsort,0.1.1,320,2
moonbit_libbpf,hevienz/moonbit_libbpf,0.9.2,544,2
zls,sohaha/zls,0.1.0,25,2
bloom_filter,moransky/bloom_filter,0.1.0,105,2
mariadb,bikallem/mariadb,0.0.1,942,4
reactive,bikallem/reactive,0.2.0,555,1
rsignal,bikallem/rsignal,0.3.0,2549,3
webapi,bikallem/webapi,0.3.0,82215,11
readline.mbt,allwefantasy/readline.mbt,0.1.0,2457,2
binaryPrimitives,AXiX-official/binaryPrimitives,0.1.2,317,1
xxhash,AXiX-official/xxhash,0.1.0,322,1
threejs,FrenchPicnic/threejs,0.0.7,3211,3
which,FrenchPicnic/which,0.1.3,297,1
qrcode,caozhanhao/qrcode,0.1.1,3833,2
raylib,KingBes/raylib,0.0.3,144,1
webui,KingBes/webui,0.0.4,110,1
moon_log,calacaly/moon_log,0.1.11,792,3
FibonacciHeap,SupremeHuaji/FibonacciHeap,0.1.0,1444,1
MaxStack,SupremeHuaji/MaxStack,0.1.0,1691,1
MoonClmech,SupremeHuaji/MoonClmech,0.1.0,5836,1
MoonElec,SupremeHuaji/MoonElec,0.1.0,2180,2
MoonFluid,SupremeHuaji/MoonFluid,0.1.0,2168,2
MoonGeo,SupremeHuaji/MoonGeo,0.1.0,1563,2
MoonMech,SupremeHuaji/MoonMech,0.1.0,3162,2
MoonMet,SupremeHuaji/MoonMet,0.1.0,4967,2
moonsmiles,SupremeHuaji/moonsmiles,0.1.1,2513,2
MoonSteel,SupremeHuaji/MoonSteel,0.1.0,1675,2
MoonStrMech,SupremeHuaji/MoonStrMech,0.1.1,2455,2
ptime,SupremeHuaji/ptime,0.1.0,2010,2
Quadtree,SupremeHuaji/Quadtree,0.1.0,3555,1
VEBTree,SupremeHuaji/VEBTree,0.1.1,1623,1
XorLinkedList,SupremeHuaji/XorLinkedList,0.1.0,1310,1
examine,hbh112233abc/examine,0.1.1,76,2
MoonProgress,CGaaaaaa/MoonProgress,0.1.0,2602,1
reactivex,CGaaaaaa/reactivex,0.1.0,1292,1
signal,CGaaaaaa/signal,0.1.2,1249,1
biginteger,amor2025/biginteger,0.1.0,1210,2
convert,amor2025/convert,0.3.2,1342,2
fraction,amor2025/fraction,0.2.0,629,2
pad,amor2025/pad,0.1.3,191,1
sudoku,trash33/sudoku,0.1.0,427,2
net,fangyinc/net,0.1.1-rc1,1900,7
socket,fangyinc/socket,0.1.2-rc2,1640,4
biblatex,edragain2nd/biblatex,0.1.1,10315,3
compose,edragain2nd/compose,0.1.0,1233,1
unscanny,edragain2nd/unscanny,0.1.2,916,1
pk-rng-gen3,yatsuna827/pk-rng-gen3,0.1.0,6337,11
pk-rng-lcg32,yatsuna827/pk-rng-lcg32,0.1.1,270,2
circuit_breaker,ryota0624/circuit_breaker,0.1.3,995,2
moonbit_cloudevents,ryota0624/moonbit_cloudevents,0.1.2,510,2
moonbit_otel,ryota0624/moonbit_otel,0.0.8,11153,14
moonbit_test_containers,ryota0624/moonbit_test_containers,0.0.4,2530,2
mustache,ryota0624/mustache,0.0.6,1454,2
opentelemetry_proto_mbt,ryota0624/opentelemetry_proto_mbt,0.0.2,6573,11
html-parser,cou723/html-parser,0.1.0,794,4
btree,HCHogan/btree,0.2.1,1129,1
MoonCoc,Asterless/MoonCoc,0.1.0,1074,3
MoonPtime,Asterless/MoonPtime,0.1.2,908,1
MoonQOI,Asterless/MoonQOI,0.1.3,782,1
bloom,chaijie2018/bloom,0.1.3,1360,2
bloom-filter,chaijie2018/bloom-filter,0.1.4,1360,2
icc,enanandesu/icc,0.1.1,823,1
special-mathematical-functions,enanandesu/special-mathematical-functions,0.1.2,502,1
box2d_ffi,Demonmasterlqx/box2d_ffi,0.2.7,2101,2
moonbit_stickman_map_loader,Demonmasterlqx/moonbit_stickman_map_loader,0.0.9,952,3
MoonP5,Demonmasterlqx/MoonP5,0.0.8,3563,4
examine,leopeng1995/examine,0.1.0,66,2
bytebuf,iceBear67/bytebuf,0.4.1,1163,1
classfile,iceBear67/classfile,0.2.0,4699,4
mnbt,iceBear67/mnbt,0.3.3,1979,3
time,iceBear67/time,0.1.2,3634,2
gs,ZijianFeng33/gs,0.1.0,242,2
range,ZijianFeng33/range,0.1.0,159,2
regexp,ZijianFeng33/regexp,0.1.0,117,2
strongPasswordChecker,ZijianFeng33/strongPasswordChecker,0.1.0,381,2
moon_rsa,Rutubet/moon_rsa,0.2.0,708,2
firefly,applejag/firefly,0.2.0,2372,4
micromath,applejag/micromath,0.2.0,655,1
LunarTUI,FrozenLemonTee/LunarTUI,0.0.1,3792,6
files_tree,xingwangzhe/files_tree,0.1.3,628,1
license_checker,xingwangzhe/license_checker,0.2.4,840,1
style_print,xingwangzhe/style_print,0.1.7,651,1
dom_api,fgeygfe/dom_api,0.1.0,354,1
ssmp,nodex/ssmp,0.1.1,109,1
reactive,himeno/reactive,0.1.2,569,1
ttf_parser_moonbit,Ronlands/ttf_parser_moonbit,0.1.1,1918,8
unicode_xid,KeqingMoe/unicode_xid,0.0.1,2391,2
hello,wangweigang/hello,0.1.0,276,3
quickxorhash,baka-gourd/quickxorhash,0.1.0,575,2
firefly,firefly/firefly,0.5.1,4729,14
ds,meguruli/ds,0.1.0,6475,1
casefold,moonbit-community/casefold,0.1.4,2072,1
cmark,moonbit-community/cmark,0.4.3,30339,7
debug,moonbit-community/debug,0.1.3,5992,5
debug_deriving,moonbit-community/debug_deriving,0.1.1,637,1
find_cluster_break,moonbit-community/find_cluster_break,0.1.2,647,2
fuzzy_match,moonbit-community/fuzzy_match,0.2.5,571,1
ini,moonbit-community/ini,0.2.2,1794,1
jade-ui,moonbit-community/jade-ui,0.1.0,9182,4
js-ffi,moonbit-community/js-ffi,0.4.2,1304,1
jsondiff,moonbit-community/jsondiff,0.1.0,1334,1
moongrep,moonbit-community/moongrep,0.1.2,638,2
moongrep-skill,moonbit-community/moongrep-skill,0.1.0,1095,1
piediff,moonbit-community/piediff,0.0.8,2344,5
rabbita,moonbit-community/rabbita,0.11.3,15565,13
yaml,moonbit-community/yaml,0.0.3,5863,1
csv_parser,maria/csv_parser,0.1.0,929,2
ini_parser,maria/ini_parser,0.1.0,923,2
json_parser,maria/json_parser,0.1.1,1254,2
sensor_driver,maria/sensor_driver,0.1.0,1376,2
toml_parser,maria/toml_parser,0.1.0,1018,2
miao,kalculos/miao,0.1.0-M2,11498,12
moon_expr,sombozone/moon_expr,0.1.0,4004,7
brainfuck,nuskey8/brainfuck,0.1.2,180,2
lisp,nuskey8/lisp,0.1.4,389,2
oneshot,nuskey8/oneshot,0.1.0,136,2
test_moon,cgx027/test_moon,0.1.0,76,2
x,jaredzhou/x,0.1.0,2700,2
examine,emadurandal/examine,0.1.0,119,2
aletheia,f4ah6o/aletheia,0.6.0,19440,30
direct_sdk,f4ah6o/direct_sdk,0.10.1,12448,22
duckdb,f4ah6o/duckdb,0.6.0,17953,2
encoding_sjis,f4ah6o/encoding_sjis,0.1.0,7469,2
encoding_sjis_mbt,f4ah6o/encoding_sjis_mbt,0.1.0,7469,2
htmx,f4ah6o/htmx,0.2.0,5970,4
http11,f4ah6o/http11,0.1.1,14915,4
jww_parser,f4ah6o/jww_parser,0.202601.9,2485,3
mhx,f4ah6o/mhx,0.1.1,3923,7
mhx-spec,f4ah6o/mhx-spec,0.1.1,2288,6
moonchat,f4ah6o/moonchat,0.2.0,1764,5
simple-webauthn,f4ah6o/simple-webauthn,0.1.0,5885,7
sse,f4ah6o/sse,0.1.0,768,1
tmpx,f4ah6o/tmpx,0.4.0,1879,2
uuidm,f4ah6o/uuidm,0.2.0,3810,1
moon-release,dijdzv/moon-release,0.2.4,15522,11
websys,dijdzv/websys,0.1.6,180855,1
peeler,elzup/peeler,0.1.1,1096,1
ibmoonc,emptist/ibmoonc,0.1.0,4970,2
ibmoonjs,emptist/ibmoonjs,0.2.7,4865,1
ibmoonwa,emptist/ibmoonwa,0.1.0,5019,2
encoding_sjis,horideicom/encoding_sjis,0.1.1,7475,2
jww_parser,horideicom/jww_parser,0.202602.0,2497,3
example,liuxinbo1984/example,0.1.8,94,2
srt,angela/srt,0.1.0,236,3
vcf,angela/vcf,0.0.5,343,2
immutable,sennenki/immutable,0.1.3,4570,10
js,sennenki/js,0.1.2,1546,1
lens,sennenki/lens,0.1.1,749,1
process,sennenki/process,0.1.0,708,1
sexp,sennenki/sexp,0.1.0,1792,1
tsparser,sennenki/tsparser,0.1.2,13828,1
shadow,zen314/shadow,0.1.0,529,2
httprouter,paveg/httprouter,0.2.0,1937,2
ulid,paveg/ulid,0.1.0,962,1
channel,bnyu2/channel,0.1.1,967,2
mongodb,allain/mongodb,0.1.1,9540,3
sha256,shu-kitamura/sha256,0.1.1,263,1
hello,tekihei2317/hello,0.0.3,55,2
mknip,nysopua/mknip,0.1.0,1466,2
moonbitap,fuwasegu/moonbitap,0.1.0,333,1
gherkin,moonrockz/gherkin,0.3.0,11821,9
turn,naokikawamoto16/turn,0.1.0,799,1
romaji_typing,typinglabs/romaji_typing,0.0.2,1849,3
